t,U_inc,U_refl_reference,U_refl_memoire,U_refl_prony,U_refl_instantane
0,4.785117392e-06,2.519666253e-05,2.111326653e-05,2.11127188e-05,2.028392106e-05
0.05,4.955050854e-06,2.392170644e-05,1.976395354e-05,1.976340358e-05,1.893406528e-05
0.1,5.129960839e-06,2.259331084e-05,1.836753647e-05,1.836698514e-05,1.753841811e-05
0.15,5.309949199e-06,2.121339183e-05,1.69260474e-05,1.692549556e-05,1.609901489e-05
0.2,5.495117863e-06,1.978395441e-05,1.544159722e-05,1.544104575e-05,1.461796792e-05
0.25,5.685568715e-06,1.830708962e-05,1.391637274e-05,1.391582251e-05,1.309746348e-05
0.3,5.881403461e-06,1.678497168e-05,1.235263359e-05,1.235208548e-05,1.153975879e-05
0.35,6.08272349e-06,1.521985494e-05,1.075270906e-05,1.075216395e-05,9.947178867e-06
0.4,6.289629729e-06,1.36140707e-05,9.118994888e-06,9.118453633e-06,8.32211328e-06
0.45,6.502222486e-06,1.197002399e-05,7.453949842e-06,7.453413319e-06,6.667012829e-06
0.5,6.720601287e-06,1.029019018e-05,5.760092355e-06,5.75956143e-06,4.984386145e-06
0.55,6.944864702e-06,8.577111576e-06,4.039997003e-06,4.039472535e-06,3.276796209e-06
0.6,7.175110165e-06,6.833393817e-06,2.296290929e-06,2.295773773e-06,1.546856815e-06
0.65,7.411433779e-06,5.061702308e-06,5.316502168e-07,5.311412188e-07,-2.027710329e-07
0.7,7.653930113e-06,3.264758496e-06,-1.251203805e-06,-1.251703807e-06,-1.969382776e-06
0.75,7.902691994e-06,1.445336114e-06,-3.0495083e-06,-3.04999848e-06,-3.750234002e-06
0.8,8.15781028e-06,-3.937426482e-07,-4.860462711e-06,-4.860942251e-06,-5.542544182e-06
0.85,8.419373627e-06,-2.249611022e-06,-6.681232574e-06,-6.68170067e-06,-7.343500446e-06
0.9,8.687468243e-06,-4.119361588e-06,-8.508953366e-06,-8.509409227e-06,-9.150261382e-06
0.95,8.96217763e-06,-6.000050241e-06,-1.034073437e-05,-1.034117722e-05,-1.095996085e-05
1,9.243582313e-06,-7.888700194e-06,-1.217366257e-05,-1.217409165e-05,-1.276971181e-05
1.05,9.531759559e-06,-9.782305995e-06,-1.400480652e-05,-1.400522108e-05,-1.457661014e-05
1.1,9.826783081e-06,-1.167783758e-05,-1.583122024e-05,-1.583161956e-05,-1.637773851e-05
1.15,1.012872273e-05,-1.35722443e-05,-1.76499471e-05,-1.765033046e-05,-1.817017012e-05
1.2,1.043764416e-05,-1.546245902e-05,-1.945802368e-05,-1.945839039e-05,-1.995097259e-05
1.25,1.075360852e-05,-1.734540212e-05,-2.12524836e-05,-2.125283298e-05,-2.171721164e-05
1.3,1.107667207e-05,-1.921798554e-05,-2.303036134e-05,-2.303069276e-05,-2.346595493e-05
1.35,1.140688582e-05,-2.107711683e-05,-2.478869604e-05,-2.478900886e-05,-2.519427568e-05
1.4,1.174429516e-05,-2.291970309e-05,-2.652453518e-05,-2.652482879e-05,-2.689925635e-05
1.45,1.208893947e-05,-2.474265494e-05,-2.823493827e-05,-2.82352121e-05,-2.857799226e-05
1.5,1.244085166e-05,-2.654289043e-05,-2.991698049e-05,-2.991723397e-05,-3.022759511e-05
1.55,1.280005778e-05,-2.831733889e-05,-3.156775623e-05,-3.156798882e-05,-3.184519646e-05
1.6,1.316657655e-05,-3.006294473e-05,-3.318438254e-05,-3.318459373e-05,-3.342795111e-05
1.65,1.35404189e-05,-3.177667116e-05,-3.476400257e-05,-3.476419187e-05,-3.497304043e-05
1.7,1.392158749e-05,-3.345550385e-05,-3.630378885e-05,-3.630395579e-05,-3.647767558e-05
1.75,1.431007617e-05,-3.509645453e-05,-3.780094649e-05,-3.780109064e-05,-3.793910065e-05
1.8,1.470586949e-05,-3.669656442e-05,-3.925271634e-05,-3.925283729e-05,-3.935459566e-05
1.85,1.510894215e-05,-3.82529077e-05,-4.065637797e-05,-4.065647534e-05,-4.072147951e-05
1.9,1.551925841e-05,-3.976259472e-05,-4.200925257e-05,-4.200932598e-05,-4.203711277e-05
1.95,1.593677154e-05,-4.122277527e-05,-4.33087057e-05,-4.330875483e-05,-4.329890038e-05
2,1.636142316e-05,-4.263064156e-05,-4.455214997e-05,-4.455217451e-05,-4.45042942e-05
2.05,1.679314267e-05,-4.398343123e-05,-4.573704757e-05,-4.573704724e-05,-4.565079544e-05
2.1,1.723184654e-05,-4.527843013e-05,-4.686091261e-05,-4.686088715e-05,-4.673595694e-05
2.15,1.767743768e-05,-4.651297505e-05,-4.792131337e-05,-4.792126255e-05,-4.775738536e-05
2.2,1.81298047e-05,-4.768445621e-05,-4.891587442e-05,-4.891579804e-05,-4.871274314e-05
2.25,1.858882122e-05,-4.879031969e-05,-4.984227853e-05,-4.984217642e-05,-4.959975036e-05
2.3,1.905434508e-05,-4.982806967e-05,-5.069826849e-05,-5.069814048e-05,-5.041618647e-05
2.35,1.952621759e-05,-5.079527053e-05,-5.148164866e-05,-5.148149463e-05,-5.115989176e-05
2.4,2.000426275e-05,-5.16895488e-05,-5.219028652e-05,-5.219010637e-05,-5.182876881e-05
2.45,2.048828637e-05,-5.250859487e-05,-5.282211389e-05,-5.282190754e-05,-5.24207836e-05
2.5,2.097807525e-05,-5.325016466e-05,-5.337512807e-05,-5.337489546e-05,-5.293396664e-05
2.55,2.147339628e-05,-5.391208099e-05,-5.384739277e-05,-5.384713388e-05,-5.336641373e-05
2.6,2.197399555e-05,-5.449223483e-05,-5.42370389e-05,-5.42367537e-05,-5.371628669e-05
2.65,2.247959738e-05,-5.49885864e-05,-5.454226509e-05,-5.45419536e-05,-5.398181386e-05
2.7,2.298990337e-05,-5.539916601e-05,-5.476133814e-05,-5.476100039e-05,-5.416129038e-05
2.75,2.350459141e-05,-5.572207478e-05,-5.489259318e-05,-5.489222923e-05,-5.425307835e-05
2.8,2.40233146e-05,-5.595548511e-05,-5.493443372e-05,-5.493404364e-05,-5.425560673e-05
2.85,2.454570025e-05,-5.609764102e-05,-5.488533148e-05,-5.488491535e-05,-5.416737114e-05
2.9,2.507134876e-05,-5.614685823e-05,-5.474382598e-05,-5.474338392e-05,-5.398693341e-05
2.95,2.559983248e-05,-5.610152412e-05,-5.450852405e-05,-5.450805616e-05,-5.371292091e-05
3,2.613069456e-05,-5.596009741e-05,-5.4178099e-05,-5.417760544e-05,-5.334402581e-05
3.05,2.666344777e-05,-5.572110768e-05,-5.375128977e-05,-5.375077068e-05,-5.2879004e-05
3.1,2.719757326e-05,-5.538315473e-05,-5.322689971e-05,-5.322635525e-05,-5.231667393e-05
3.15,2.773251932e-05,-5.494490766e-05,-5.260379531e-05,-5.260322566e-05,-5.165591522e-05
3.2,2.826770003e-05,-5.440510377e-05,-5.188090462e-05,-5.188030997e-05,-5.089566706e-05
3.25,2.880249401e-05,-5.376254736e-05,-5.105721561e-05,-5.105659615e-05,-5.003492646e-05
3.3,2.933624297e-05,-5.301610817e-05,-5.013177421e-05,-5.013113014e-05,-4.907274631e-05
3.35,2.986825036e-05,-5.216471971e-05,-4.910368224e-05,-4.910301378e-05,-4.800823321e-05
3.4,3.039777993e-05,-5.120737745e-05,-4.797209514e-05,-4.797140249e-05,-4.684054516e-05
3.45,3.09240542e-05,-5.014313666e-05,-4.673621949e-05,-4.673550287e-05,-4.55688891e-05
3.5,3.1446253e-05,-4.89711102e-05,-4.539531038e-05,-4.539457002e-05,-4.419251817e-05
3.55,3.196351187e-05,-4.769046606e-05,-4.394866862e-05,-4.394790473e-05,-4.271072889e-05
3.6,3.24749205e-05,-4.630042468e-05,-4.239563769e-05,-4.239485049e-05,-4.112285813e-05
3.65,3.297952107e-05,-4.480025617e-05,-4.073560063e-05,-4.073479033e-05,-3.942827994e-05
3.7,3.34763066e-05,-4.318927725e-05,-3.896797665e-05,-3.896714348e-05,-3.762640217e-05
3.75,3.396421922e-05,-4.146684811e-05,-3.709221771e-05,-3.709136187e-05,-3.571666296e-05
3.8,3.44421484e-05,-3.963236898e-05,-3.510780482e-05,-3.51069265e-05,-3.369852711e-05
3.85,3.490892919e-05,-3.768527667e-05,-3.301424424e-05,-3.301334363e-05,-3.157148222e-05
3.9,3.536334035e-05,-3.562504081e-05,-3.081106353e-05,-3.081014082e-05,-2.933503476e-05
3.95,3.580410251e-05,-3.345116003e-05,-2.849780749e-05,-2.849686285e-05,-2.698870598e-05
4,3.622987619e-05,-3.116315793e-05,-2.607403389e-05,-2.607306747e-05,-2.453202764e-05
4.05,3.66392599e-05,-2.876057891e-05,-2.353930912e-05,-2.353832106e-05,-2.196453774e-05
4.1,3.70307881e-05,-2.62429839e-05,-2.089320372e-05,-2.089219414e-05,-1.928577595e-05
4.15,3.740292915e-05,-2.360994586e-05,-1.813528778e-05,-1.813425679e-05,-1.649527912e-05
4.2,3.775408324e-05,-2.086104525e-05,-1.526512623e-05,-1.526407391e-05,-1.359257651e-05
4.25,3.808258025e-05,-1.799586535e-05,-1.2282274e-05,-1.228120041e-05,-1.057718505e-05
4.3,3.838667756e-05,-1.501398739e-05,-9.186271174e-06,-9.185176356e-06,-7.448604469e-06
4.35,3.866455783e-05,-1.191498569e-05,-5.976637928e-06,-5.975521895e-06,-4.206312283e-06
4.4,3.891432679e-05,-8.698422592e-06,-2.652869508e-06,-2.651732247e-06,-8.497588114e-07
4.45,3.913401085e-05,-5.36384339e-06,7.855689383e-07,7.867274672e-07,2.621637954e-06
4.5,3.932155481e-05,-1.910771098e-06,4.339247563e-06,4.34042743e-06,6.208497502e-06
4.55,3.947481947e-05,1.661298811e-06,8.00877708e-06,8.009978385e-06,9.911482017e-06
4.6,3.959157917e-05,5.352903748e-06,1.179481407e-05,1.179603695e-05,1.373130163e-05
4.65,3.966951931e-05,9.164619411e-06,1.569806633e-05,1.569931095e-05,1.76687197e-05
4.7,3.970623388e-05,1.309706523e-05,1.971929823e-05,1.972056479e-05,2.172455814e-05
4.75,3.969922285e-05,1.715090988e-05,2.385933612e-05,2.386062486e-05,2.58997027e-05
4.8,3.964588957e-05,2.132687678e-05,2.811907372e-05,2.812038491e-05,3.019510835e-05
4.85,3.954353816e-05,2.562574963e-05,3.24994775e-05,3.250081147e-05,3.461180454e-05
4.9,3.938937081e-05,3.004837801e-05,3.70015921e-05,3.70029492e-05,3.915090055e-05
4.95,3.918048505e-05,3.459568289e-05,4.162654566e-05,4.162792628e-05,4.381359077e-05
5,3.891387097e-05,3.926866222e-05,4.637555517e-05,4.637695976e-05,4.860115991e-05
5.05,3.858640846e-05,4.406839643e-05,5.124993178e-05,5.125136082e-05,5.351498826e-05
5.1,3.819486435e-05,4.899605396e-05,5.6251086e-05,5.625254001e-05,5.855655679e-05
5.15,3.773588949e-05,5.40528967e-05,6.138053293e-05,6.13820125e-05,6.372745225e-05
5.2,3.720601591e-05,5.924028542e-05,6.663989734e-05,6.664140309e-05,6.90293722e-05
5.25,3.660165382e-05,6.455968513e-05,7.203091873e-05,7.203245132e-05,7.446412991e-05
5.3,3.59190886e-05,7.001267036e-05,7.755545622e-05,7.755701637e-05,8.00336592e-05
5.35,3.515447786e-05,7.560093034e-05,8.321549345e-05,8.321708192e-05,8.574001917e-05
5.4,3.430384829e-05,8.132627416e-05,8.901314325e-05,8.901476086e-05,9.158539879e-05
5.45,3.336309267e-05,8.719063575e-05,9.495065227e-05,9.495229988e-05,9.757212143e-05
5.5,3.232796669e-05,9.319607876e-05,0.0001010304054,0.000101032084,0.0001037026492
5.55,3.11940858e-05,9.934480139e-05,0.0001072549303,0.0001072566407,0.0001099795869
5.6,2.995692212e-05,0.000105639141,0.0001136269012,0.0001136286445,0.0001164056868
5.65,2.861180114e-05,0.0001120815785,0.0001201491433,0.0001201509206,0.0001229838515
5.7,2.715389857e-05,0.0001186747429,0.0001268246363,0.0001268264487,0.0001297171384
5.75,2.557823707e-05,0.0001254214153,0.0001336565182,0.0001336583669,0.0001366087629
5.8,2.387968301e-05,0.000132324533,0.0001406480889,0.000140649975,0.000143662102
5.85,2.205294313e-05,0.0001393871933,0.0001478028132,0.000147804738,0.000150880697
5.9,2.009256133e-05,0.000146612657,0.0001551243238,0.0001551262887,0.0001582682565
5.95,1.799291526e-05,0.0001540043519,0.0001626164245,0.0001626184308,0.0001658286597
6,1.574821309e-05,0.000161565876,0.0001702830924,0.0001702851416,0.0001735659578
6.05,1.335249008e-05,0.0001693010003,0.0001781284805,0.0001781305741,0.000181484377
6.1,1.079960534e-05,0.0001772136718,0.0001861569198,0.0001861590592,0.0001895883203
6.15,8.083238384e-06,0.0001853080159,0.0001943729207,0.0001943751076,0.000197882369
6.2,5.196885851e-06,0.0001935883383,0.0002027811753,0.0002027834113,0.0002063712841
6.25,2.133858129e-06,0.0002020591273,0.0002113865582,0.0002113888449,0.0002150600078
6.3,-1.112723985e-06,0.0002107250556,0.0002201941274,0.0002201964666,0.0002239536639
6.35,-4.54993262e-06,0.0002195909811,0.0002292091256,0.000229211519,0.0002330575588
6.4,-8.185036159e-06,0.0002286619487,0.0002384369801,0.0002384394295,0.0002423771815
6.45,-1.202550255e-05,0.0002379431907,0.000247883303,0.0002478858103,0.0002519182035
6.5,-1.607900262e-05,0.0002474401274,0.0002575538912,0.0002575564583,0.0002616864787
6.55,-2.03534133e-05,0.0002571583671,0.0002674547257,0.0002674573545,0.0002716880426
6.6,-2.485682095e-05,0.0002671037064,0.0002775919708,0.0002775946632,0.0002819291111
6.65,-2.959752453e-05,0.0002772821293,0.0002879719728,0.0002879747308,0.0002924160796
6.7,-3.458403881e-05,0.0002876998065,0.0002986012586,0.0002986040843,0.0003031555207
6.75,-3.98250975e-05,0.0002983630944,0.0003094865339,0.0003094894293,0.0003141541828
6.8,-4.532965643e-05,0.0003092785333,0.0003206346805,0.0003206376478,0.0003254189872
6.85,-5.110689654e-05,0.0003204528459,0.0003320527545,0.0003320557957,0.0003369570256
6.9,-5.716622695e-05,0.0003318929347,0.0003437479823,0.0003437510997,0.000348775557
6.95,-6.351728791e-05,0.0003436058794,0.0003557277581,0.0003557309539,0.0003608820041
7,-7.016995373e-05,0.0003555989345,0.0003679996401,0.0003680029163,0.0003732839494
7.05,-7.713433557e-05,0.0003678795251,0.0003805713457,0.0003805747047,0.0003859891312
7.1,-8.442078427e-05,0.0003804552436,0.000393450748,0.0003934541919,0.0003990054387
7.15,-9.203989301e-05,0.0003933338456,0.0004066458701,0.0004066494013,0.0004123409072
7.2,-0.0001000025,0.0004065232453,0.0004201648805,0.0004201685011,0.0004260037124
7.25,-0.0001083196908,0.0004200315104,0.0004340160868,0.0004340197993,0.0004400021652
7.3,-0.0001170028011,0.0004338668568,0.0004482079304,0.0004482117369,0.0004543447047
7.35,-0.0001260634189,0.0004480376432,0.0004627489794,0.0004627528822,0.0004690398923
7.4,-0.0001355133865,0.0004625523644,0.000477647922,0.0004776519233,0.0004840964046
7.45,-0.000145364803,0.0004774196453,0.0004929135593,0.0004929176615,0.0004995230255
7.5,-0.0001556300263,0.0004926482334,0.0005085547977,0.0005085590031,0.0005153286393
7.55,-0.0001663216746,0.0005082469917,0.0005245806405,0.0005245849513,0.0005315222215
7.6,-0.0001774526286,0.000524224891,0.00054100018,0.0005410045984,0.0005481128311
7.65,-0.000189036033,0.0005405910012,0.000557822588,0.0005578271163,0.000565109601
7.7,-0.0002010852978,0.0005573544833,0.0005750571068,0.0005750617472,0.0005825217291
7.75,-0.0002136140997,0.0005745245797,0.0005927130398,0.0005927177945,0.0006003584679
7.8,-0.0002266363836,0.0005921106053,0.0006107997409,0.000610804612,0.0006186291149
7.85,-0.0002401663629,0.000610121937,0.0006293266042,0.0006293315938,0.0006373430014
7.9,-0.0002542185212,0.000628568004,0.0006483030532,0.0006483081635,0.0006565094822
7.95,-0.0002688076122,0.0006474582765,0.0006677385295,0.0006677437624,0.0006761379234
8,-0.0002839486606,0.000666802255,0.0006876424808,0.0006876478384,0.0006962376911
8.05,-0.0002996569623,0.0006866094583,0.000708024349,0.0007080298333,0.0007168181392
8.1,-0.000315948084,0.000706889412,0.000728893558,0.0007288991707,0.0007378885967
8.15,-0.0003328378638,0.0007276516357,0.0007502595001,0.0007502652431,0.0007594583543
8.2,-0.0003503424103,0.0007489056305,0.0007721315232,0.0007721373984,0.000781536652
8.25,-0.0003684781021,0.0007706608655,0.0007945189173,0.0007945249264,0.0008041326643
8.3,-0.0003872615868,0.0007929267645,0.0008174308998,0.0008174370444,0.0008272554867
8.35,-0.0004067097802,0.0008157126917,0.0008408766018,0.0008408828834,0.0008509141211
8.4,-0.0004268398646,0.0008390279377,0.0008648650525,0.0008648714727,0.0008751174607
8.45,-0.0004476692874,0.0008628817043,0.0008894051649,0.0008894117251,0.0008998742751
8.5,-0.0004692157591,0.0008872830896,0.0009145057195,0.000914512421,0.0009251931942
8.55,-0.0004914972509,0.0009122410724,0.0009401753489,0.0009401821928,0.0009510826928
8.6,-0.0005145319925,0.000937764496,0.000966422521,0.0009664295086,0.0009775510739
8.65,-0.0005383384691,0.0009638620526,0.0009932555232,0.0009932626554,0.001004606452
8.7,-0.0005629354183,0.0009905422659,0.001020682445,0.001020689722,0.001032256737
8.75,-0.0005883418264,0.001017813474,0.001048711159,0.001048718583,0.001060509614
8.8,-0.0006145769249,0.001045683814,0.001077349309,0.00107735688,0.001089372531
8.85,-0.0006416601865,0.001074161201,0.001106604283,0.001106612002,0.001118852676
8.9,-0.0006696113199,0.001103253312,0.001136483204,0.00113649107,0.001148956959
8.95,-0.0006984502654,0.001132967568,0.001166992905,0.00116700092,0.001179691998
9,-0.0007281971897,0.001163311115,0.001198139913,0.001198148077,0.001211064094
9.05,-0.0007588724799,0.001194290803,0.001229930431,0.001229938744,0.001243079216
9.1,-0.0007904967375,0.00122591317,0.001262370316,0.001262378777,0.001275742981
9.15,-0.0008230907719,0.001258184419,0.001295465059,0.001295473668,0.001309060633
9.2,-0.0008566755939,0.001291110402,0.001329219768,0.001329228524,0.001343037022
9.25,-0.0008912724074,0.001324696595,0.001363639145,0.001363648048,0.001377676589
9.3,-0.0009269026027,0.001358948082,0.001398727466,0.001398736516,0.001412983339
9.35,-0.0009635877471,0.001393869532,0.001434488563,0.001434497758,0.001448960823
9.4,-0.001001349577,0.001429465178,0.001470925799,0.001470935138,0.001485612119
9.45,-0.001040209989,0.001465738796,0.001508042049,0.001508051531,0.001522939807
9.5,-0.001080191028,0.001502693684,0.001545839677,0.001545849301,0.001560945952
9.55,-0.00112131488,0.001540332641,0.001584320519,0.001584330283,0.001599632079
9.6,-0.001163603858,0.001578657942,0.001623485854,0.001623495756,0.00163899915
9.65,-0.001207080395,0.001617671321,0.001663336388,0.001663346425,0.001679047548
9.7,-0.001251767028,0.001657373942,0.001703872229,0.0017038824,0.001719777048
9.75,-0.001297686388,0.001697766384,0.001745092865,0.001745103167,0.001761186801
9.8,-0.001344861185,0.001738848612,0.001786997143,0.001787007574,0.001803275307
9.85,-0.001393314198,0.001780619958,0.001829583245,0.001829593801,0.001846040393
9.9,-0.001443068256,0.001823079097,0.001872848664,0.001872859342,0.001889479192
9.95,-0.001494146229,0.001866224022,0.001916790183,0.001916800981,0.00193358812
10,-0.001546571006,0.001910052025,0.001961403855,0.001961414768,0.001978362853
10.05,-0.001600365487,0.001954559669,0.002006684972,0.002006695996,0.002023798302
10.1,-0.001655552557,0.001999742769,0.00205262805,0.002052639181,0.002069888593
10.15,-0.001712155078,0.002045596363,0.002099226801,0.002099238035,0.002116627041
10.2,-0.001770195866,0.002092114694,0.00214647411,0.002146485442,0.00216400613
10.25,-0.00182969767,0.002139291184,0.002194362014,0.00219437344,0.002212017486
10.3,-0.001890683161,0.002187118408,0.002242881678,0.002242893192,0.002260651859
10.35,-0.001953174903,0.002235588075,0.00229202337,0.002292034967,0.002309899093
10.4,-0.002017195339,0.002284690999,0.002341776439,0.002341788113,0.002359748108
10.45,-0.002082766767,0.00233441708,0.002392129292,0.002392141036,0.002410186874
10.5,-0.002149911316,0.002384755277,0.002443069368,0.002443081178,0.002461202392
10.55,-0.002218650928,0.002435693584,0.002494583119,0.002494594987,0.002512780662
10.6,-0.002289007329,0.00248721901,0.002546655983,0.002546667903,0.002564906671
10.65,-0.00236100201,0.002539317551,0.002599272363,0.002599284327,0.00261756436
10.7,-0.002434656198,0.002591974166,0.002652415603,0.002652427604,0.002670736609
10.75,-0.002509990832,0.00264517276,0.002706067964,0.002706079994,0.002724405209
10.8,-0.002587026535,0.002698896152,0.002760210603,0.002760222655,0.002778550839
10.85,-0.00266578359,0.002753126056,0.00281482355,0.002814835615,0.002833153047
10.9,-0.002746281907,0.002807843059,0.002869885683,0.002869897752,0.002888190225
10.95,-0.002828540998,0.002863026593,0.002925374708,0.002925386773,0.002943639587
11,-0.002912579946,0.002918654918,0.002981267136,0.002981279186,0.002999477147
11.05,-0.002998417373,0.002974705093,0.003037538258,0.003037550285,0.003055677697
11.1,-0.003086071411,0.003031152957,0.00309416213,0.003094174123,0.003112214783
11.15,-0.003175559668,0.003087973108,0.003151111541,0.00315112349,0.003169060689
11.2,-0.003266899197,0.003145138875,0.003208358001,0.003208369896,0.003226186407
11.25,-0.003360106458,0.0032026223,0.003265871715,0.003265883545,0.003283561626
11.3,-0.00345519729,0.003260394118,0.003323621561,0.003323633315,0.003341154701
11.35,-0.003552186868,0.00331842373,0.003381575073,0.003381586738,0.003398932641
11.4,-0.003651089671,0.003376679185,0.003439698415,0.00343970998,0.003456861083
11.45,-0.003751919446,0.003435127158,0.003497956367,0.00349796782,0.003514904273
11.5,-0.003854689165,0.003493732931,0.0035563123,0.003556323628,0.00357302505
11.55,-0.003959410991,0.00355246037,0.003614728161,0.00361473935,0.003631184821
11.6,-0.004066096235,0.003611271907,0.003673164447,0.003673175485,0.003689343545
11.65,-0.004174755316,0.003670128517,0.003731580193,0.003731591067,0.003747459716
11.7,-0.004285397722,0.003728989703,0.003789932952,0.003789943647,0.003805490342
11.75,-0.004398031965,0.003787813475,0.003848178774,0.003848189275,0.003863390928
11.8,-0.004512665536,0.003846556331,0.003906272191,0.003906282483,0.003921115459
11.85,-0.004629304866,0.003905173238,0.003964166198,0.003964176267,0.003978616382
11.9,-0.004747955278,0.003963617617,0.004021812238,0.004021822068,0.004035844593
11.95,-0.004868620941,0.004021841324,0.004079160186,0.004079169762,0.004092749415
12,-0.004991304827,0.004079794633,0.004136158332,0.004136167637,0.004149278589
12.05,-0.005116008656,0.004137426221,0.004192753365,0.004192762383,0.004205378255
12.1,-0.005242732858,0.004194683151,0.004248890362,0.004248899075,0.004260992939
12.15,-0.005371476514,0.004251510859,0.00430451277,0.004304521161,0.004316065541
12.2,-0.005502237314,0.004307853136,0.004359562394,0.004359570446,0.004370537316
12.25,-0.005635011501,0.004363652116,0.004413979384,0.004413987079,0.00442434787
12.3,-0.005769793824,0.004418848263,0.004467702225,0.004467709544,0.004477435139
12.35,-0.005906577482,0.004473380359,0.004520667721,0.004520674645,0.004529735387
12.4,-0.006045354072,0.004527185489,0.004572810987,0.004572817499,0.004581183187
12.45,-0.006186113537,0.004580199031,0.004624065441,0.004624071519,0.004631711418
12.5,-0.006328844111,0.004632354646,0.004674362788,0.004674368413,0.004681251249
12.55,-0.006473532261,0.004683584267,0.004723633016,0.004723638169,0.004729732137
12.6,-0.006620162635,0.004733818092,0.00477180439,0.004771809049,0.004777081817
12.65,-0.006768718002,0.00478298457,0.004818803437,0.004818807582,0.004823226294
12.7,-0.006919179199,0.004831010401,0.004864554949,0.004864558559,0.004868089838
12.75,-0.007071525068,0.004877820521,0.00490898197,0.004908985023,0.00491159498
12.8,-0.007225732401,0.004923338103,0.004952005796,0.00495200827,0.004953662504
12.85,-0.007381775879,0.004967484548,0.004993545968,0.004993547841,0.004994211448
12.9,-0.007539628013,0.00501017948,0.005033520271,0.00503352152,0.0050331591
12.95,-0.007699259085,0.005051340744,0.005071844733,0.005071845336,0.005070420996
13,-0.007860637083,0.005090884406,0.005108433621,0.005108433554,0.00510591092
13.05,-0.008023727644,0.005128724746,0.005143199443,0.005143198682,0.005139540902
13.1,-0.00818849399,0.005164774262,0.005176052948,0.00517605147,0.005171221223
13.15,-0.008354896866,0.005198943668,0.005206903131,0.005206900911,0.005200860418
13.2,-0.008522894476,0.005231141897,0.00523565723,0.005235654245,0.005228365275
13.25,-0.008692442422,0.005261276103,0.005262220738,0.005262216963,0.005253640843
13.3,-0.008863493638,0.005289251663,0.005286497402,0.005286492811,0.005276590438
13.35,-0.009035998329,0.005314972186,0.005308389232,0.0053083838,0.005297115648
13.4,-0.009209903902,0.005338339515,0.005327796509,0.00532779021,0.005315116345
13.45,-0.009385154909,0.005359253735,0.005344617793,0.005344610601,0.005330490689
13.5,-0.009561692973,0.005377613182,0.005358749933,0.005358741821,0.005343135142
13.55,-0.009739456731,0.005393314453,0.005370088078,0.005370079021,0.005352944479
13.6,-0.009918381764,0.005406252415,0.005378525693,0.005378515664,0.005359811804
13.65,-0.01009840053,0.005416320219,0.005383954567,0.005383943539,0.005363628557
13.7,-0.01027944232,0.005423409312,0.005386264833,0.005386252779,0.005364284539
13.75,-0.01046143314,0.005427409451,0.005385344984,0.005385331875,0.005361667923
13.8,-0.01064429571,0.005428208723,0.005381081887,0.005381067697,0.005355665274
13.85,-0.01082794937,0.005425693558,0.005373360808,0.005373345508,0.00534616157
13.9,-0.01101230999,0.005419748748,0.005362065431,0.005362048993,0.005333040224
13.95,-0.01119728994,0.005410257472,0.005347077877,0.005347060273,0.005316183105
14,-0.01138279803,0.005397101314,0.005328278732,0.005328259934,0.005295470562
14.05,-0.01156873941,0.005380160286,0.005305547072,0.005305527051,0.005270781454
14.1,-0.01175501554,0.005359312853,0.005278760487,0.005278739214,0.005241993174
14.15,-0.01194152409,0.005334435963,0.005247795113,0.00524777256,0.005208981678
14.2,-0.01212815892,0.005305405071,0.005212525659,0.005212501797,0.005171621517
14.25,-0.01231480998,0.005272094169,0.005172825444,0.005172800242,0.005129785872
14.3,-0.01250136327,0.00523437582,0.005128566421,0.005128539851,0.005083346583
14.35,-0.01268770078,0.005192121187,0.005079619223,0.005079591256,0.005032174187
14.4,-0.0128737004,0.005145200071,0.005025853194,0.005025823799,0.004976137957
14.45,-0.01305923589,0.005093480947,0.004967136425,0.004967105574,0.004915105941
14.5,-0.01324417681,0.005036830997,0.004903335803,0.004903303466,0.004848944999
14.55,-0.01342838845,0.004975116159,0.004834317044,0.004834283191,0.004777520852
14.6,-0.0136117318,0.004908201161,0.004759944743,0.004759909344,0.004700698121
14.65,-0.01379406347,0.004835949566,0.004680082417,0.004680045443,0.004618340378
14.7,-0.01397523562,0.004758223821,0.004594592553,0.004594553975,0.004530310193
14.75,-0.01415509595,0.004674885298,0.00450333666,0.004503296447,0.00443646918
14.8,-0.01433348761,0.004585794351,0.004406175316,0.00440613344,0.004336678058
14.85,-0.01451024917,0.004490810358,0.004302968227,0.004302924657,0.004230796695
14.9,-0.01468521454,0.004389791782,0.004193574275,0.004193528982,0.004118684172
14.95,-0.01485821295,0.004282596219,0.004077851584,0.004077804539,0.004000198838
15,-0.01502906888,0.004169080462,0.003955657571,0.003955608745,0.003875198367
15.05,-0.01519760203,0.004049100554,0.003826849014,0.003826798379,0.003743539827
15.1,-0.01536362728,0.003922511849,0.003691282112,0.003691229637,0.003605079736
15.15,-0.01552695461,0.003789169079,0.003548812549,0.003548758207,0.003459674134
15.2,-0.0156873891,0.003648926417,0.003399295566,0.003399239327,0.003307178649
15.25,-0.01584473088,0.003501637542,0.003242586024,0.003242527861,0.003147448566
15.3,-0.01599877506,0.003347155711,0.003078538482,0.003078478367,0.002980338901
15.35,-0.01614931174,0.003185333827,0.002907007267,0.002906945172,0.002805704475
15.4,-0.01629612597,0.003016024516,0.002727846551,0.002727782449,0.002623399988
15.45,-0.01643899767,0.002839080199,0.002540910428,0.00254084429,0.002433280101
15.5,-0.01657770166,0.002654353172,0.002346052992,0.002345984794,0.002235199515
15.55,-0.0167120076,0.002461695684,0.002143128425,0.002143058139,0.002029013052
15.6,-0.01684167999,0.002260960019,0.001931991074,0.001931918675,0.001814575742
15.65,-0.01696647811,0.002051998581,0.001712495544,0.001712421005,0.00159174291
15.7,-0.01708615604,0.001834663978,0.001484496779,0.001484420076,0.001360370263
15.75,-0.01720046263,0.001608809112,0.00124785016,0.001247771267,0.001120313982
15.8,-0.01730914147,0.001374287268,0.001002411592,0.001002330486,0.000871430817
15.85,-0.01741193091,0.001130952207,0.0007480376014,0.0007479542594,0.000613578179
15.9,-0.017508564,0.0008786582638,0.0004845854334,0.0004844998316,0.0003466142401
15.95,-0.01759876857,0.0006172604363,0.0002119131488,0.0002118252647,7.039803157e-05
16,-0.01768226714,0.0003466144914,-7.012027372e-05,-7.02104621e-05,-0.000215210454
16.05,-0.01775877697,6.657706259e-05,-0.0003616548345,-0.0003617473483,-0.0005103501591
16.1,-0.01782801005,-0.0002229942459,-0.0006628294077,-0.0006629242677,-0.0008151588562
16.15,-0.01788967313,-0.000522240754,-0.0009737816343,-0.0009738788603,-0.001129773039
16.2,-0.0179434677,-0.0008313025987,-0.001294647813,-0.001294747424,-0.001454327814
16.25,-0.01798909,-0.001150318624,-0.001625562787,-0.001625664802,-0.001788956788
16.3,-0.0180262311,-0.001479426272,-0.001966659835,-0.001966764271,-0.002133791953
16.35,-0.01805457684,-0.001818761464,-0.00231807055,-0.002318177425,-0.002488963574
16.4,-0.01807380792,-0.00216845849,-0.002679924729,-0.002680034058,-0.00285460007
16.45,-0.01808359989,-0.00252864989,-0.003052350247,-0.003052462046,-0.003230827891
16.5,-0.01808362321,-0.002899466335,-0.003435472941,-0.003435587223,-0.003617771402
16.55,-0.01807354328,-0.003281036502,-0.003829416484,-0.003829533263,-0.004015552758
16.6,-0.01805302047,-0.003673486954,-0.004234302262,-0.00423442155,-0.004424291776
16.65,-0.01802171018,-0.004076942017,-0.004650249248,-0.004650371057,-0.004844105815
16.7,-0.0179792629,-0.004491523647,-0.005077373872,-0.005077498213,-0.00527510964
16.75,-0.01792532423,-0.004917351306,-0.005515789893,-0.005515916774,-0.005717415297
16.8,-0.01785953498,-0.005354541829,-0.005965608265,-0.005965737695,-0.00617113198
16.85,-0.0177815312,-0.005803209293,-0.006426937007,-0.006427068992,-0.006636365897
16.9,-0.01769094429,-0.006263464884,-0.006899881064,-0.006900015611,-0.007113220136
16.95,-0.01758740102,-0.006735416759,-0.007384542177,-0.00738467929,-0.007601794529
17,-0.01747052366,-0.007219169908,-0.007881018738,-0.007881158421,-0.008102185513
17.05,-0.01733993002,-0.007714826022,-0.008389405658,-0.008389547913,-0.008614485994
17.1,-0.01719523356,-0.008222483345,-0.008909794221,-0.008909939049,-0.009138785201
17.15,-0.01703604348,-0.008742236538,-0.009442271945,-0.009442419346,-0.009675168552
17.2,-0.01686196484,-0.009274176532,-0.00998692244,-0.009987072412,-0.0102237175
17.25,-0.01667259859,-0.009818390387,-0.01054382526,-0.0105439778,-0.01078450942
17.3,-0.01646754179,-0.01037496115,-0.01111305577,-0.01111321087,-0.0113576174
17.35,-0.0162463876,-0.0109439677,-0.01169468497,-0.01169484263,-0.01194311018
17.4,-0.01600872549,-0.0115254846,-0.0122887794,-0.01228893961,-0.01254105192
17.45,-0.01575414135,-0.01211958196,-0.01289540093,-0.01289556369,-0.01315150214
17.5,-0.01548221755,-0.0127263253,-0.01351460666,-0.01351477195,-0.01377451548
17.55,-0.01519253318,-0.01334577534,-0.01414644876,-0.01414661657,-0.01441014163
17.6,-0.01488466409,-0.01397798793,-0.0147909743,-0.01479114461,-0.01505842514
17.65,-0.01455818312,-0.01462301383,-0.0154482251,-0.01544839791,-0.01571940528
17.7,-0.01421266017,-0.01528089861,-0.01611823764,-0.01611841292,-0.01639311587
17.75,-0.01384766244,-0.01595168246,-0.01680104282,-0.01680122055,-0.01707958518
17.8,-0.01346275453,-0.01663540005,-0.01749666586,-0.01749684603,-0.01777883572
17.85,-0.01305749861,-0.0173320804,-0.01820512616,-0.01820530874,-0.01849088414
17.9,-0.01263145463,-0.01804174667,-0.0189264371,-0.01892662207,-0.01921574104
17.95,-0.01218418048,-0.01876441609,-0.01966060594,-0.01966079327,-0.01995341085
18,-0.01171523217,-0.0195000997,-0.02040763365,-0.02040782331,-0.02070389167
18.05,-0.01122416401,-0.02024880231,-0.02116751473,-0.0211677067,-0.0214671751
18.1,-0.01071052884,-0.02101052225,-0.02194023711,-0.02194043136,-0.02224324613
18.15,-0.0101738782,-0.0217852513,-0.02272578198,-0.02272597848,-0.02303208295
18.2,-0.009613762549,-0.02257297445,-0.02352412363,-0.02352432233,-0.02383365685
18.25,-0.009029731475,-0.02337366985,-0.02433522931,-0.02433543019,-0.02464793202
18.3,-0.00842133392,-0.02418730857,-0.02515905909,-0.0251592621,-0.02547486544
18.35,-0.007788118398,-0.02501385448,-0.0259955657,-0.0259957708,-0.02631440675
18.4,-0.007129633228,-0.02585326415,-0.02684469441,-0.02684490155,-0.02716649803
18.45,-0.006445426771,-0.0267054866,-0.02770638285,-0.027706592,-0.02803107377
18.5,-0.005735047668,-0.02757046327,-0.0285805609,-0.02858077201,-0.02890806064
18.55,-0.00499804509,-0.02844812779,-0.02946715055,-0.02946736356,-0.02979737736
18.6,-0.004233968989,-0.02933840585,-0.03036606572,-0.03036628058,-0.03069893464
18.65,-0.003442370358,-0.03024121511,-0.03127721217,-0.03127742884,-0.03161263494
18.7,-0.002622801493,-0.03115646498,-0.03220048736,-0.03220070578,-0.03253837241
18.75,-0.001774816265,-0.03208405655,-0.03313578028,-0.03313600039,-0.03347603273
18.8,-0.0008979703919,-0.03302388243,-0.03408297137,-0.03408319311,-0.03442549299
18.85,8.178280316e-06,-0.03397582659,-0.03504193235,-0.03504215566,-0.03538662155
18.9,0.0009440694911,-0.03493976428,-0.03601252612,-0.03601275093,-0.03635927793
18.95,0.001910140276,-0.03591556185,-0.03699460663,-0.03699483287,-0.03734331271
19,0.002906824669,-0.03690307666,-0.03798801874,-0.03798824635,-0.03833856734
19.05,0.003934553404,-0.03790215693,-0.03899259816,-0.03899282707,-0.03934487413
19.1,0.004993753607,-0.03891264163,-0.04000817127,-0.0400084014,-0.04036205603
19.15,0.006084848484,-0.03993436039,-0.04103455504,-0.04103478632,-0.04138992662
19.2,0.007208257007,-0.04096713332,-0.04207155694,-0.04207178929,-0.04242828992
19.25,0.008364393594,-0.04201077097,-0.0431189748,-0.04311920815,-0.04347694035
19.3,0.009553667781,-0.04306507418,-0.04417659675,-0.04417683101,-0.04453566261
19.35,0.0107764839,-0.04412983397,-0.04524420108,-0.04524443616,-0.04560423157
19.4,0.01203324072,-0.04520483148,-0.04632155619,-0.04632179201,-0.04668241222
19.45,0.01332433114,-0.04628983784,-0.04740842048,-0.04740865695,-0.04776995956
19.5,0.01465014185,-0.04738461408,-0.04850454226,-0.04850477929,-0.04886661851
19.55,0.01601105293,-0.04848891108,-0.0496096597,-0.0496098972,-0.04997212385
19.6,0.01740743756,-0.04960246942,-0.05072350074,-0.05072373861,-0.05108620015
19.65,0.01883966164,-0.05072501937,-0.05184578301,-0.05184602115,-0.0522085617
19.7,0.02030808342,-0.05185628077,-0.05297621378,-0.05297645209,-0.05333891245
19.75,0.02181305317,-0.05299596298,-0.05411448991,-0.05411472829,-0.05447694593
19.8,0.02335491279,-0.05414376483,-0.05526029776,-0.05526053611,-0.05562234526
19.85,0.02493399543,-0.05529937451,-0.0564133132,-0.0564135514,-0.05677478304
19.9,0.02655062516,-0.05646246959,-0.0575732015,-0.05757343945,-0.05793392132
19.95,0.02820511657,-0.05763271691,-0.05873961735,-0.05873985494,-0.0590994116
20,0.02989777439,-0.05880977259,-0.05991220479,-0.05991244191,-0.0602708948
20.05,0.0316288931,-0.05999328193,-0.06109059723,-0.06109083375,-0.06144800119
20.1,0.0333987566,-0.06118287945,-0.06227441736,-0.06227465318,-0.06263035041
20.15,0.03520763777,-0.06237818882,-0.0634632772,-0.0634635122,-0.06381755146
20.2,0.0370557981,-0.06357882287,-0.0646567781,-0.06465701215,-0.0650092027
20.25,0.03894348733,-0.06478438353,-0.06585451066,-0.06585474364,-0.06620489183
20.3,0.04087094303,-0.06599446191,-0.06705605483,-0.06705628662,-0.06740419592
20.35,0.04283839022,-0.06720863823,-0.06826097988,-0.06826121034,-0.06860668141
20.4,0.04484604098,-0.06842648183,-0.0694688444,-0.06946907342,-0.06981190417
20.45,0.04689409406,-0.06964755125,-0.07067919639,-0.07067942382,-0.07101940948
20.5,0.04898273449,-0.07087139418,-0.07189157322,-0.07189179894,-0.0722287321
20.55,0.05111213317,-0.07209754754,-0.07310550174,-0.0731057256,-0.07343939631
20.6,0.05328244651,-0.07332553748,-0.07432049827,-0.07432072016,-0.07465091596
20.65,0.05549381602,-0.07455487947,-0.07553606872,-0.07553628848,-0.07586279453
20.7,0.0577463679,-0.07578507831,-0.0767517086,-0.0767519261,-0.0770745252
20.75,0.06004021269,-0.0770156282,-0.07796690312,-0.07796711821,-0.07828559092
20.8,0.06237544482,-0.07824601283,-0.07918112725,-0.0791813398,-0.0794954645
20.85,0.06475214231,-0.07947570543,-0.08039384584,-0.0803940557,-0.08070360869
20.9,0.06717036628,-0.08070416887,-0.08160451369,-0.08160472071,-0.08190947629
20.95,0.06963016065,-0.08193085575,-0.08281257566,-0.0828127797,-0.08311251027
21,0.0721315517,-0.08315520849,-0.08401746679,-0.0840176677,-0.08431214384
21.05,0.07467454773,-0.08437665944,-0.08521861241,-0.08521881004,-0.08550780061
21.1,0.07725913865,-0.08559463101,-0.08641542828,-0.08641562247,-0.08669889473
21.15,0.0798852956,-0.08680853579,-0.0876073207,-0.08760751131,-0.08788483101
21.2,0.08255297064,-0.08801777666,-0.0887936867,-0.08879387357,-0.08906500504
21.25,0.08526209628,-0.08922174697,-0.08997391416,-0.08997409714,-0.09023880343
21.3,0.08801258522,-0.09041983068,-0.09114738199,-0.09114756092,-0.09140560389
21.35,0.0908043299,-0.09161140248,-0.09231346028,-0.09231363501,-0.09256477544
21.4,0.09363720221,-0.09279582802,-0.0934715105,-0.09347168087,-0.09371567859
21.45,0.09651105309,-0.09397246404,-0.09462088569,-0.09462105154,-0.09485766556
21.5,0.09942571222,-0.09514065857,-0.09576093064,-0.09576109182,-0.09599008041
21.55,0.1023809877,-0.09629975115,-0.0968909821,-0.09689113845,-0.09711225932
21.6,0.1053766655,-0.09744907297,-0.09801036901,-0.09801052037,-0.09822353076
21.65,0.1084125096,-0.09858794715,-0.09911841271,-0.09911855891,-0.09932321572
21.7,0.1114882612,-0.09971568893,-0.1002144272,-0.1002145681,-0.100410628
21.75,0.1146036386,-0.1008316059,-0.1012977192,-0.1012978546,-0.1014850744
21.8,0.1177583367,-0.1019349982,-0.1023675888,-0.1023677186,-0.1025458548
21.85,0.1209520273,-0.1030251589,-0.1034233294,-0.1034234534,-0.103592263
21.9,0.1241843579,-0.104101374,-0.1044642278,-0.1044643459,-0.1046235862
21.95,0.1274549522,-0.1051629231,-0.1054895651,-0.1054896771,-0.1056391058
22,0.1307634094,-0.1062090792,-0.1064986164,-0.106498722,-0.1066380977
22.05,0.134109304,-0.1072391093,-0.1074906512,-0.1074907504,-0.1076198322
22.1,0.1374921857,-0.1082522747,-0.1084649339,-0.1084650266,-0.1085835746
22.15,0.1409115789,-0.109247831,-0.1094207242,-0.1094208101,-0.1095285856
22.2,0.1443669825,-0.1102250289,-0.110357277,-0.110357356,-0.1104541214
22.25,0.1478578701,-0.1111831139,-0.1112738429,-0.1112739148,-0.111359434
22.3,0.1513836891,-0.1121213272,-0.1121696687,-0.1121697334,-0.1122437718
22.35,0.1549438609,-0.1130389057,-0.1130439976,-0.113044055,-0.1131063797
22.4,0.1585377807,-0.1139350824,-0.1138960696,-0.1138961194,-0.1139464996
22.45,0.1621648171,-0.1148090869,-0.1147251218,-0.114725164,-0.1147633705
22.5,0.1658243123,-0.1156601454,-0.1155303888,-0.1155304231,-0.1155562292
22.55,0.1695155813,-0.1164874817,-0.116311103,-0.1163111293,-0.1163243107
22.6,0.1732379125,-0.1172903168,-0.1170664952,-0.1170665134,-0.117066848
22.65,0.176990567,-0.1180678699,-0.1177957946,-0.1177958045,-0.1177830732
22.7,0.1807727786,-0.1188193584,-0.1184982297,-0.1184982312,-0.1184722175
22.75,0.184583754,-0.1195439985,-0.1191730282,-0.1191730211,-0.1191335118
22.8,0.1884226722,-0.1202410056,-0.1198194178,-0.119819402,-0.1197661868
22.85,0.1922886847,-0.1209095946,-0.1204366264,-0.1204366017,-0.1203694738
22.9,0.1961809155,-0.1215489804,-0.1210238824,-0.1210238487,-0.1209426048
22.95,0.2000984608,-0.1221583784,-0.1215804157,-0.1215803728,-0.1214848132
23,0.2040403892,-0.1227370046,-0.1221054572,-0.1221054052,-0.1219953341
23.05,0.2080057414,-0.1232840766,-0.1225982403,-0.1225981788,-0.1224734046
23.1,0.2119935303,-0.1237988134,-0.1230580005,-0.1230579295,-0.1229182645
23.15,0.2160027413,-0.1242804363,-0.1234839763,-0.1234838956,-0.1233291566
23.2,0.2200323316,-0.1247281694,-0.1238754093,-0.1238753189,-0.1237053272
23.25,0.2240812312,-0.1251412395,-0.1242315453,-0.1242314449,-0.1240460266
23.3,0.228148342,-0.1255188774,-0.1245516339,-0.1245515236,-0.1243505094
23.35,0.2322325384,-0.1258603176,-0.1248349299,-0.1248348094,-0.1246180352
23.4,0.2363326672,-0.1261647991,-0.1250806927,-0.125080562,-0.124847869
23.45,0.240447548,-0.1264315661,-0.125288188,-0.1252880469,-0.1250392815
23.5,0.2445759728,-0.1266598682,-0.1254566872,-0.1254565357,-0.1251915498
23.55,0.2487167065,-0.1268489607,-0.1255854686,-0.1255853065,-0.1253039578
23.6,0.2528684869,-0.1269981058,-0.1256738175,-0.1256736448,-0.1253757967
23.65,0.2570300249,-0.1271065722,-0.1257210269,-0.1257208434,-0.1254063655
23.7,0.2612000048,-0.1271736363,-0.1257263979,-0.1257262036,-0.1253949714
23.75,0.2653770843,-0.1271985824,-0.1256892402,-0.1256890349,-0.1253409305
23.8,0.2695598947,-0.1271807032,-0.1256088726,-0.1256086563,-0.1252435681
23.85,0.2737470414,-0.1271193005,-0.1254846236,-0.1254843962,-0.1251022191
23.9,0.2779371039,-0.1270136855,-0.1253158317,-0.1253155932,-0.1249162291
23.95,0.2821286363,-0.1268631792,-0.1251018461,-0.1251015964,-0.124684954
24,0.2863201673,-0.1266671135,-0.1248420272,-0.1248417661,-0.1244077613
24.05,0.2905102007,-0.1264248308,-0.1245357469,-0.1245354744,-0.1240840302
24.1,0.2946972157,-0.1261356855,-0.1241823892,-0.1241821053,-0.1237131521
24.15,0.2988796673,-0.1257990437,-0.1237813509,-0.1237810556,-0.1232945311
24.2,0.3030559865,-0.1254142843,-0.1233320419,-0.1233317351,-0.1228275848
24.25,0.3072245809,-0.1249807991,-0.1228338857,-0.1228335673,-0.1223117446
24.3,0.3113838348,-0.1244979935,-0.1222863199,-0.1222859899,-0.1217464558
24.35,0.3155321102,-0.1239652872,-0.1216887969,-0.1216884553,-0.121131179
24.4,0.3196677463,-0.1233821142,-0.1210407842,-0.1210404309,-0.1204653897
24.45,0.323789061,-0.1227479238,-0.1203417648,-0.1203413999,-0.1197485792
24.5,0.3278943507,-0.1220621809,-0.1195912381,-0.1195908615,-0.1189802552
24.55,0.3319818909,-0.1213243666,-0.1187887199,-0.1187883316,-0.118159942
24.6,0.3360499369,-0.1205339785,-0.1179337432,-0.1179333432,-0.1172871814
24.65,0.3400967242,-0.1196905314,-0.1170258586,-0.1170254469,-0.1163615324
24.7,0.3441204693,-0.1187935578,-0.1160646348,-0.1160642114,-0.1153825727
24.75,0.3481193697,-0.1178426082,-0.115049659,-0.1150492239,-0.1143498984
24.8,0.3520916051,-0.1168372518,-0.1139805375,-0.1139800908,-0.1132631246
24.85,0.3560353378,-0.1157770768,-0.112856896,-0.1128564376,-0.1121218861
24.9,0.3599487132,-0.114661691,-0.1116783802,-0.1116779102,-0.1109258379
24.95,0.3638298605,-0.1134907224,-0.1104446562,-0.1104441747,-0.1096746552
25,0.3676768935,-0.1122638193,-0.1091554109,-0.1091549178,-0.1083680342
25.05,0.3714879111,-0.1109806511,-0.1078103525,-0.1078098479,-0.1070056925
25.1,0.3752609982,-0.1096409085,-0.1064092109,-0.1064086949,-0.1055873694
25.15,0.3789942262,-0.1082443043,-0.1049517382,-0.1049512109,-0.1041128265
25.2,0.382685654,-0.1067905732,-0.1034377091,-0.1034371704,-0.102581848
25.25,0.3863333284,-0.1052794732,-0.101866921,-0.1018663711,-0.1009942409
25.3,0.3899352851,-0.1037107849,-0.100239195,-0.1002386339,-0.09934983596
25.35,0.3934895497,-0.1020843129,-0.09855437572,-0.0985538036,-0.09764848743
25.4,0.3969941379,-0.1003998855,-0.09681233205,-0.09681174895,-0.09589007387
25.45,0.4004470569,-0.09865735565,-0.09501295732,-0.09501236335,-0.09407449834
25.5,0.4038463059,-0.0968566008,-0.09315616977,-0.09315556502,-0.09220168879
25.55,0.4071898772,-0.09499752368,-0.09124191284,-0.09124129743,-0.09027159842
25.6,0.4104757566,-0.09308005252,-0.08927015554,-0.08926952958,-0.08828420599
25.65,0.4137019251,-0.0911041414,-0.08724089277,-0.0872402564,-0.08623951614
25.7,0.4168663588,-0.08906977061,-0.08515414565,-0.08515349898,-0.08413755974
25.75,0.4199670305,-0.08697694699,-0.08300996181,-0.08300930498,-0.08197839416
25.8,0.4230019107,-0.08482570422,-0.08080841568,-0.08080774884,-0.07976210354
25.85,0.4259689678,-0.08261610317,-0.0785496088,-0.07854893209,-0.07748879911
25.9,0.4288661698,-0.08034823217,-0.07623367005,-0.07623298363,-0.07515861944
25.95,0.431691485,-0.07802220731,-0.07386075594,-0.07386005997,-0.07277173064
26,0.4344428827,-0.07563817268,-0.07143105083,-0.07143034548,-0.07032832668
26.05,0.4371183347,-0.07319630065,-0.06894476717,-0.06894405262,-0.06782862954
26.1,0.4397158159,-0.07069679213,-0.06640214572,-0.06640142214,-0.06527288945
26.15,0.4422333055,-0.06813987676,-0.0638034557,-0.06380272329,-0.06266138508
26.2,0.4446687879,-0.06552581313,-0.06114899507,-0.061148254,-0.05999442372
26.25,0.4470202539,-0.06285488902,-0.05843909059,-0.05843834108,-0.05727234144
26.3,0.4492857015,-0.06012742153,-0.05567409807,-0.05567334032,-0.05449550322
26.35,0.4514631371,-0.05734375729,-0.05285440245,-0.05285363667,-0.05166430314
26.4,0.4535505766,-0.05450427258,-0.04998041794,-0.04997964435,-0.04877916442
26.45,0.4555460463,-0.05160937348,-0.04705258815,-0.04705180697,-0.0458405396
26.5,0.4574475841,-0.04865949603,-0.04407138615,-0.04407059761,-0.04284891055
26.55,0.4592532405,-0.04565510627,-0.04103731455,-0.04103651889,-0.03980478861
26.6,0.4609610799,-0.04259670036,-0.03795090558,-0.03795010305,-0.03670871458
26.65,0.4625691812,-0.03948480465,-0.03481272112,-0.03481191196,-0.03356125879
26.7,0.4640756394,-0.03631997575,-0.03162335273,-0.03162253718,-0.03036302114
26.75,0.4654785664,-0.03310280052,-0.02838342162,-0.02838259995,-0.02711463103
26.8,0.4667760923,-0.02983389615,-0.02509357872,-0.02509275119,-0.02381674743
26.85,0.4679663663,-0.02651391013,-0.02175450456,-0.02175367144,-0.02047005879
26.9,0.4690475579,-0.0231435202,-0.0183669093,-0.01836607088,-0.01707528298
26.95,0.470017858,-0.01972343441,-0.01493153264,-0.01493068918,-0.01363316729
27,0.4708754802,-0.01625439095,-0.01144914372,-0.01144829551,-0.01014448827
27.05,0.4716186614,-0.01273715819,-0.007920541056,-0.007919688386,-0.006610051654
27.1,0.4722456634,-0.009172534509,-0.004346552391,-0.004345695557,-0.003030692259
27.15,0.4727547739,-0.005561348236,-0.0007280345886,-0.0007271738896,0.0005927261934
27.2,0.4731443075,-0.001904457501,0.002934126536,0.002934990796,0.004259311213
27.25,0.4734126068,0.001797249898,0.006639016386,0.006639883897,0.007968141727
27.3,0.4735580436,0.005542856667,0.01038569177,0.01038656222,0.01171826827
27.35,0.4735790197,0.009331416191,0.01417318111,0.01417405418,0.01550871321
27.4,0.4734739687,0.01316195274,0.01800048468,0.01800136005,0.01933847095
27.45,0.4732413562,0.01703346169,0.02186657482,0.02186745217,0.02320650823
27.5,0.4728796815,0.02094490976,0.02577039626,0.02577127525,0.02711176435
27.55,0.4723874783,0.02489523526,0.02971086633,0.02971174663,0.03105315148
27.6,0.4717633162,0.0288833484,0.03368687531,0.03368775659,0.03502955497
27.65,0.4710058013,0.03290813153,0.03769728675,0.03769816866,0.03903983365
27.7,0.4701135774,0.03696843952,0.04174093777,0.04174181997,0.0430828202
27.75,0.4690853273,0.04106310007,0.04581663945,0.0458175216,0.0471573215
27.8,0.4679197734,0.04519091402,0.04992317722,0.04992405895,0.05126211902
27.85,0.4666156791,0.04935065578,0.05405931119,0.05406019217,0.05539596918
27.9,0.4651718494,0.05354107372,0.05822377662,0.05822465649,0.05955760383
27.95,0.4635871323,0.05776089052,0.06241528435,0.06241616275,0.06374573063
28,0.4618604196,0.06200880365,0.0666325212,0.06663339777,0.0679590335
28.05,0.459990648,0.06628348583,0.07087415046,0.07087502484,0.07219617314
28.1,0.4579767996,0.07058358542,0.0751388124,0.07513968423,0.07645578746
28.15,0.4558179034,0.07490772698,0.07942512472,0.07942599363,0.08073649212
28.2,0.4535130359,0.07925451173,0.08373168311,0.08373254873,0.08503688102
28.25,0.4510613223,0.08362251808,0.08805706176,0.08805792372,0.08935552686
28.3,0.4484619368,0.08801030217,0.0923998139,0.09240067184,0.0936909817
28.35,0.4457141042,0.09241639841,0.0967584724,0.09675932595,0.0980417775
28.4,0.4428171002,0.09683932005,0.1011315503,0.1011323991,0.1024064267
28.45,0.4397702524,0.1012775598,0.1055175416,0.1055183852,0.106783423
28.5,0.4365729413,0.1057295903,0.1099149215,0.1099157596,0.1111712415
28.55,0.4332246007,0.1101938651,0.1143221473,0.1143229796,0.1155683401
28.6,0.429724719,0.1146688188,0.1187376593,0.1187384852,0.1199731592
28.65,0.4260728393,0.119152868,0.1231598806,0.1231607,0.1243841233
28.7,0.4222685606,0.123644412,0.1275872189,0.1275880313,0.128799641
28.75,0.4183115384,0.1281418333,0.1320180663,0.1320188713,0.1332181061
28.8,0.4142014854,0.1326434984,0.1364508004,0.1364515977,0.137637898
28.85,0.4099381717,0.1371477586,0.140883785,0.1408845741,0.1420573826
28.9,0.4055214263,0.1416529507,0.1453153707,0.1453161514,0.146474913
28.95,0.4009511369,0.1461573974,0.1497438958,0.1497446677,0.1508888302
29,0.3962272507,0.1506594085,0.154167687,0.1541684496,0.1552974641
29.05,0.3913497753,0.1551572815,0.1585850601,0.1585858131,0.1596991337
29.1,0.3863187788,0.1596493023,0.1629943207,0.1629950638,0.1640921486
29.15,0.3811343903,0.1641337463,0.1673937654,0.1673944982,0.1684748092
29.2,0.3757968006,0.1686088787,0.171781682,0.1717824042,0.1728454078
29.25,0.3703062625,0.1730729556,0.176156351,0.1761570621,0.1772022294
29.3,0.3646630913,0.1775242249,0.1805160458,0.1805167456,0.1815435523
29.35,0.3588676648,0.1819609272,0.1848590338,0.1848597218,0.1858676493
29.4,0.3529204243,0.1863812961,0.1891835773,0.1891842533,0.1901727883
29.45,0.3468218743,0.1907835599,0.1934879342,0.1934885978,0.1944572331
29.5,0.3405725829,0.1951659417,0.1977703591,0.19777101,0.1987192443
29.55,0.3341731825,0.1995266607,0.2020291039,0.2020297417,0.2029570803
29.6,0.3276243693,0.2038639329,0.2062624187,0.2062630431,0.207168998
29.65,0.3209269041,0.2081759722,0.2104685528,0.2104691635,0.211353254
29.7,0.3140816122,0.2124609909,0.2146457556,0.2146463523,0.2155081048
29.75,0.3070893832,0.2167172013,0.2187922773,0.2187928596,0.2196318084
29.8,0.2999511718,0.2209428156,0.2229063701,0.2229069377,0.2237226248
29.85,0.2926679971,0.2251360479,0.2269862887,0.2269868413,0.2277788171
29.9,0.2852409432,0.2292951142,0.2310302916,0.2310308289,0.2317986523
29.95,0.2776711587,0.2334182339,0.2350366416,0.2350371634,0.2357804019
30,0.269959857,0.2375036307,0.2390036072,0.2390041131,0.2397223436
30.05,0.262108316,0.241549533,0.2429294631,0.2429299529,0.2436227614
30.1,0.2541178783,0.2455541754,0.2468124913,0.2468129647,0.2474799467
30.15,0.2459899503,0.2495157996,0.2506509819,0.2506514385,0.2512921997
30.2,0.2377260029,0.253432655,0.2544432341,0.2544436737,0.2550578297
30.25,0.2293275707,0.2573029998,0.2581875571,0.2581879795,0.2587751562
30.3,0.2207962518,0.2611251019,0.2618822711,0.261882676,0.26244251
30.35,0.2121337078,0.2648972402,0.265525708,0.2655260952,0.2660582339
30.4,0.203341663,0.2686177048,0.2691162124,0.2691165816,0.2696206837
30.45,0.1944219043,0.2722847986,0.2726521427,0.2726524937,0.2731282289
30.5,0.1853762809,0.2758968379,0.2761318716,0.2761322042,0.276579254
30.55,0.1762067036,0.2794521536,0.2795537875,0.2795541015,0.279972159
30.6,0.1669151443,0.2829490916,0.282916295,0.2829165901,0.2833053604
30.65,0.1575036358,0.2863860143,0.2862178158,0.2862180918,0.2865772923
30.7,0.1479742709,0.2897613013,0.2894567899,0.2894570466,0.289786407
30.75,0.138329202,0.2930733501,0.2926316762,0.2926319135,0.292931176
30.8,0.1285706403,0.2963205774,0.2957409535,0.2957411712,0.2960100908
30.85,0.1187008555,0.2995014196,0.2987831212,0.2987833191,0.2990216638
30.9,0.1087221747,0.302614334,0.3017567005,0.3017568785,0.3019644293
30.95,0.09863698179,0.3056577995,0.3046602349,0.3046603927,0.304836944
31,0.08844771683,0.3086303176,0.3074922911,0.3074924287,0.3076377882
31.05,0.07815687512,0.3115304132,0.31025146,0.3102515772,0.3103655662
31.1,0.06776700637,0.3143566354,0.3129363574,0.3129364541,0.3130189077
31.15,0.05728071388,0.3171075585,0.3155456249,0.3155457009,0.3155964681
31.2,0.04670065361,0.3197817827,0.3180779304,0.3180779858,0.3180969293
31.25,0.03602953326,0.322377935,0.3205319695,0.320532004,0.3205190009
31.3,0.02527011128,0.3248946699,0.3229064655,0.322906479,0.3228614205
31.35,0.01442519592,0.3273306705,0.3252001707,0.3252001632,0.3251229549
31.4,0.003497644141,0.3296846489,0.3274118671,0.3274118386,0.3273024003
31.45,-0.007509639392,0.3319553472,0.329540367,0.3295403173,0.3293985836
31.5,-0.01859370344,0.3341415383,0.3315845136,0.3315844427,0.3314103625
31.55,-0.02975155128,0.3362420264,0.333543182,0.3335430899,0.3333366268
31.6,-0.04098014188,0.338255648,0.3354152798,0.3354151664,0.3351762989
31.65,-0.05227639108,0.3401812725,0.3371997476,0.3371996128,0.336928334
31.7,-0.06363717278,0.3420178029,0.3388955597,0.3388954037,0.3385917214
31.75,-0.07505932019,0.3437641767,0.3405017251,0.3405015478,0.3401654848
31.8,-0.08653962709,0.3454193659,0.3420172877,0.342017089,0.341648683
31.85,-0.09807484913,0.3469823786,0.343441327,0.343441107,0.3430404105
31.9,-0.1096617051,0.3484522589,0.3447729587,0.3447727174,0.3443397978
31.95,-0.1212968785,0.3498280878,0.3460113355,0.346011073,0.3455460125
32,-0.1329770184,0.3511089838,0.3471556473,0.3471553636,0.3466582594
32.05,-0.1446987413,0.3522941033,0.3482051219,0.348204817,0.3476757813
32.1,-0.1564586326,0.3533826413,0.3491590256,0.3491586996,0.3485978591
32.15,-0.1682532474,0.3543738322,0.3500166634,0.3500163164,0.3494238129
32.2,-0.1800791129,0.3552669497,0.3507773798,0.350777012,0.3501530018
32.25,-0.1919327289,0.3560613077,0.3514405592,0.3514401705,0.3507848248
32.3,-0.2038105701,0.3567562609,0.352005626,0.3520052165,0.3513187212
32.35,-0.215709087,0.3573512047,0.3524720453,0.3524716152,0.3517541706
32.4,-0.2276247081,0.3578455763,0.3528393233,0.3528388727,0.3520906937
32.45,-0.2395538407,0.3582388546,0.3531070076,0.3531065366,0.3523278524
32.5,-0.251492873,0.3585305608,0.3532746874,0.3532741962,0.3524652504
32.55,-0.2634381756,0.3587202588,0.353341994,0.3533414827,0.3525025331
32.6,-0.275386103,0.3588075554,0.353308601,0.3533080698,0.3524393884
32.65,-0.2873329952,0.3587921006,0.3531742247,0.3531736738,0.3522755463
32.7,-0.2992751795,0.3586735881,0.3529386243,0.3529380538,0.3520107799
32.75,-0.3112089719,0.3584517555,0.3526016017,0.3526010118,0.351644905
32.8,-0.3231306789,0.3581263841,0.3521630025,0.3521623934,0.3511777806
32.85,-0.3350365993,0.3576973,0.3516227155,0.3516220875,0.3506093089
32.9,-0.3469230255,0.3571643734,0.3509806732,0.3509800264,0.3499394358
32.95,-0.3587862455,0.3565275193,0.3502368518,0.3502361865,0.3491681503
33,-0.3706225445,0.3557866975,0.3493912712,0.3493905876,0.3482954855
33.05,-0.3824282065,0.3549419127,0.3484439955,0.3484432938,0.3473215179
33.1,-0.3941995163,0.3539932146,0.3473951324,0.3473944129,0.346246368
33.15,-0.4059327607,0.3529406979,0.3462448339,0.3462440968,0.3450701998
33.2,-0.4176242306,0.3517845025,0.3449932957,0.3449925413,0.3437932214
33.25,-0.4292702227,0.3505248135,0.3436407577,0.3436399863,0.3424156844
33.3,-0.440867041,0.349161861,0.3421875035,0.3421867154,0.3409378841
33.35,-0.4524109987,0.3476959201,0.3406338608,0.3406330562,0.3393601595
33.4,-0.4638984198,0.3461273112,0.3389802009,0.3389793802,0.3376828932
33.45,-0.4753256408,0.3444563994,0.3372269386,0.3372261021,0.3359065111
33.5,-0.4866890125,0.3426835948,0.3353745325,0.3353736805,0.3340314822
33.55,-0.4979849018,0.3408093519,0.3334234843,0.3334226171,0.3320583187
33.6,-0.509209693,0.3388341701,0.3313743389,0.3313734567,0.3299875756
33.65,-0.5203597899,0.336758593,0.329227684,0.3292267873,0.3278198507
33.7,-0.5314316174,0.3345832082,0.32698415,0.3269832391,0.3255557839
33.75,-0.5424216229,0.3323086472,0.3246444098,0.324643485,0.3231960574
33.8,-0.5533262784,0.3299355854,0.3222091782,0.3222082399,0.3207413951
33.85,-0.5641420818,0.3274647413,0.3196792119,0.3196782605,0.3181925625
33.9,-0.5748655587,0.3248968764,0.3170553092,0.3170543449,0.3155503661
33.95,-0.5854932642,0.3222327949,0.314338309,0.3143373324,0.3128156533
34,-0.5960217842,0.3194733436,0.3115290914,0.3115281027,0.3099893118
34.05,-0.606447737,0.3166194108,0.3086285765,0.3086275762,0.3070722693
34.1,-0.6167677755,0.3136719266,0.3056377243,0.3056367127,0.3040654931
34.15,-0.6269785878,0.3106318622,0.3025575342,0.3025565117,0.3009699893
34.2,-0.6370768998,0.3075002293,0.2993890445,0.2993880115,0.297786803
34.25,-0.6470594758,0.3042780798,0.2961333319,0.2961322889,0.294517017
34.3,-0.6569231208,0.3009665054,0.2927915111,0.2927904583,0.2911617519
34.35,-0.6666646815,0.2975666366,0.2893647339,0.2893636719,0.2877221652
34.4,-0.676281048,0.2940796428,0.2858541891,0.2858531183,0.2841994508
34.45,-0.6857691552,0.2905067312,0.2822611017,0.2822600224,0.2805948386
34.5,-0.6951259843,0.2868491465,0.2785867321,0.2785856449,0.2769095937
34.55,-0.7043485642,0.2831081702,0.2748323759,0.274831281,0.2731450157
34.6,-0.7134339728,0.27928512,0.2709993628,0.2709982608,0.2693024384
34.65,-0.7223793385,0.2753813489,0.2670890563,0.2670879475,0.2653832286
34.7,-0.7311818415,0.2713982449,0.2631028528,0.2631017377,0.2613887859
34.75,-0.739838715,0.2673372303,0.259042181,0.2590410601,0.2573205419
34.8,-0.7483472468,0.2631997605,0.2549085011,0.2549073748,0.2531799592
34.85,-0.7567047802,0.2589873238,0.2507033043,0.250702173,0.2489685311
34.9,-0.7649087153,0.2547014404,0.2464281116,0.2464269757,0.2446877802
34.95,-0.7729565106,0.2503436616,0.2420844734,0.2420833335,0.2403392586
35,-0.7808456836,0.2459155692,0.2376739687,0.2376728251,0.235924546
35.05,-0.7885738123,0.2414187746,0.233198204,0.2331970572,0.2314452497
35.1,-0.7961385362,0.2368549179,0.2286588128,0.2286576632,0.2269030037
35.15,-0.8035375574,0.232225667,0.2240574547,0.2240563028,0.2222994672
35.2,-0.8107686417,0.2275327173,0.2193958145,0.2193946607,0.2176363249
35.25,-0.8178296195,0.2227777899,0.2146756011,0.2146744459,0.2129152848
35.3,-0.8247183867,0.2179626317,0.2098985473,0.209897391,0.2081380786
35.35,-0.8314329059,0.2130890138,0.2050664081,0.2050652513,0.20330646
35.4,-0.8379712073,0.2081587308,0.2001809604,0.2001798035,0.1984222039
35.45,-0.8443313891,0.2031736002,0.1952440019,0.1952428453,0.1934871059
35.5,-0.850511619,0.198135461,0.1902573501,0.1902561943,0.1885029811
35.55,-0.8565101345,0.1930461729,0.1852228414,0.1852216869,0.183471663
35.6,-0.8623252438,0.1879076156,0.1801423304,0.1801411775,0.1783950029
35.65,-0.8679553267,0.1827216876,0.1750176885,0.1750165377,0.1732748689
35.7,-0.8733988349,0.1774903052,0.1698508035,0.1698496552,0.1681131447
35.75,-0.8786542933,0.1722154016,0.1646435781,0.1646424328,0.162911729
35.8,-0.8837202996,0.1668989261,0.1593979293,0.1593967874,0.1576725342
35.85,-0.8885955259,0.1615428426,0.1541157873,0.1541146492,0.1523974857
35.9,-0.8932787187,0.1561491293,0.1487990945,0.1487979607,0.1470885206
35.95,-0.8977686992,0.1507197769,0.1434498046,0.1434486754,0.1417475872
36,-0.9020643643,0.1452567884,0.1380698814,0.1380687573,0.1363766435
36.05,-0.9061646866,0.1397621775,0.1326612981,0.1326601795,0.1309776566
36.1,-0.9100687149,0.1342379676,0.1272260362,0.1272249234,0.1255526016
36.15,-0.9137755744,0.1286861913,0.1217660842,0.1217649778,0.1201034603
36.2,-0.9172844673,0.1231088886,0.1162834372,0.1162823375,0.1146322206
36.25,-0.9205946726,0.1175081066,0.1107800953,0.1107790028,0.1091408756
36.3,-0.9237055467,0.111885898,0.1052580631,0.105256978,0.103631422
36.35,-0.9266165233,0.1062443201,0.09971934807,0.09971827088,0.09810585969
36.4,-0.9293271136,0.1005854341,0.09416596031,0.09416489139,0.09256619044
36.45,-0.9318369064,0.09491130376,0.08859991096,0.08859885069,0.08701441704
36.5,-0.9341455683,0.08922399431,0.08302321146,0.08302216021,0.08145254226
36.55,-0.9362528433,0.08352557168,0.0774378725,0.07743683063,0.07588256785
36.6,-0.9381585531,0.07781810133,0.07184590299,0.07184487088,0.07030649356
36.65,-0.9398625967,0.07210364723,0.06624930915,0.06624828715,0.06472631617
36.7,-0.9413649509,0.06638427082,0.06065009345,0.0606490819,0.0591440285
36.75,-0.9426656692,0.06066203005,0.05505025364,0.05504925289,0.05356161842
36.8,-0.9437648824,0.0549389783,0.04945178181,0.04945079219,0.0479810679
36.85,-0.944662798,0.04921716342,0.0438566634,0.04385568525,0.04240435205
36.9,-0.9453596999,0.0434986267,0.03826687622,0.03826590985,0.03683343813
36.95,-0.9458559482,0.03778540189,0.03268438951,0.03268343525,0.03127028466
37,-0.9461519787,0.0320795142,0.027111163,0.02711022115,0.02571684041
37.05,-0.9462483027,0.02638297931,0.02154914595,0.02154821682,0.02017504353
37.1,-0.9461455063,0.02069780242,0.01600027623,0.01599936011,0.01464682058
37.15,-0.94584425,0.01502597728,0.01046647941,0.01046557658,0.009134085637
37.2,-0.9453452683,0.009369485227,0.004949667801,0.00494877856,0.003638739391
37.25,-0.9446493692,0.003730294231,-0.0005482603716,-0.0005491357581,-0.001837331754
37.3,-0.9437574331,-0.001889642012,-0.006025421918,-0.006026283185,-0.007292256558
37.35,-0.9426704129,-0.007488385021,-0.01147994954,-0.01148079643,-0.01272417982
37.4,-0.9413893329,-0.01306401244,-0.01690999269,-0.01691082496,-0.01813126322
37.45,-0.9399152878,-0.01861461891,-0.02231371845,-0.02231453585,-0.02351168621
37.5,-0.938249443,-0.02413831702,-0.02768931235,-0.02769011464,-0.02886364677
37.55,-0.9363930325,-0.02963323809,-0.03303497918,-0.03303576615,-0.03418536231
37.6,-0.9343473591,-0.03509753311,-0.03834894385,-0.03834971527,-0.03947507041
37.65,-0.9321137932,-0.04052937352,-0.04362945215,-0.04363020781,-0.04473102964
37.7,-0.9296937718,-0.0459269521,-0.04887477153,-0.04887551124,-0.04995152035
37.75,-0.927088798,-0.05128848372,-0.05408319192,-0.05408391548,-0.05513484539
37.8,-0.9243004394,-0.0566122062,-0.05925302639,-0.05925373362,-0.06027933087
37.85,-0.9213303278,-0.06189638105,-0.06438261199,-0.06438330271,-0.06538332691
37.9,-0.918180158,-0.06713929425,-0.06947031039,-0.06947098444,-0.07044520832
37.95,-0.9148516864,-0.07233925698,-0.07451450861,-0.07451516583,-0.07546337531
38,-0.9113467306,-0.07749460641,-0.07951361972,-0.07951425996,-0.08043625417
38.05,-0.9076671678,-0.08260370633,-0.08446608349,-0.08446670661,-0.08536229791
38.1,-0.9038149338,-0.08766494791,-0.08937036703,-0.0893709729,-0.09023998693
38.15,-0.8997920221,-0.09267675035,-0.09422496545,-0.09422555393,-0.0950678296
38.2,-0.8956004824,-0.09763756154,-0.09902840243,-0.09902897342,-0.09984436292
38.25,-0.8912424196,-0.1025458587,-0.1037792309,-0.1037797843,-0.104568153
38.3,-0.8867199927,-0.107400149,-0.1084760334,-0.1084765691,-0.1092377959
38.35,-0.8820354133,-0.1121989701,-0.113117423,-0.1131179409,-0.1138519178
38.4,-0.8771909445,-0.116940891,-0.1177020434,-0.1177025434,-0.1184091756
38.45,-0.8721888996,-0.1216245121,-0.1222285698,-0.122229052,-0.1229082578
38.5,-0.8670316408,-0.1262484661,-0.1266957094,-0.1266961735,-0.1273478846
38.55,-0.8617215779,-0.1308114187,-0.1311022013,-0.1311026474,-0.1317268084
38.6,-0.856261167,-0.1353120685,-0.1354468178,-0.1354472458,-0.1360438145
38.65,-0.8506529089,-0.139749148,-0.1397283642,-0.1397287741,-0.1402977211
38.7,-0.8448993481,-0.1441214238,-0.1439456796,-0.1439460713,-0.1444873803
38.75,-0.8390030711,-0.1484276972,-0.1480976369,-0.1480980104,-0.1486116779
38.8,-0.8329667053,-0.1526668043,-0.1521831435,-0.1521834988,-0.1526695339
38.85,-0.8267929172,-0.1568376169,-0.1562011416,-0.1562014788,-0.1566599033
38.9,-0.8204844112,-0.1609390422,-0.1601506084,-0.1601509273,-0.1605817758
38.95,-0.8140439284,-0.1649700239,-0.1640305564,-0.1640308571,-0.1644341764
39,-0.8074742445,-0.1689295418,-0.1678400338,-0.1678403164,-0.1682161656
39.05,-0.8007781689,-0.1728166126,-0.1715781247,-0.1715783892,-0.1719268398
39.1,-0.7939585431,-0.1766302899,-0.1752439494,-0.1752441959,-0.1755653313
39.15,-0.7870182389,-0.1803696648,-0.1788366646,-0.178836893,-0.1791308088
39.2,-0.7799601575,-0.1840338656,-0.1823554634,-0.1823556738,-0.1826224772
39.25,-0.7727872273,-0.1876220584,-0.1857995757,-0.1857997682,-0.1860395782
39.3,-0.765502403,-0.1911334473,-0.1891682683,-0.189168443,-0.1893813901
39.35,-0.7581086637,-0.1945672742,-0.1924608451,-0.192461002,-0.1926472281
39.4,-0.7506090115,-0.1979228196,-0.1956766471,-0.1956767863,-0.1958364443
39.45,-0.7430064703,-0.2011994018,-0.1988150523,-0.1988151739,-0.198948428
39.5,-0.7353040836,-0.2043963779,-0.2018754762,-0.2018755804,-0.2019826055
39.55,-0.7275049135,-0.2075131434,-0.2048573717,-0.2048574585,-0.2049384403
39.6,-0.7196120391,-0.2105491322,-0.2077602287,-0.2077602983,-0.2078154328
39.65,-0.7116285549,-0.2135038169,-0.2105835748,-0.2105836272,-0.2106131211
39.7,-0.7035575693,-0.2163767086,-0.2133269748,-0.2133270102,-0.2133310799
39.75,-0.695402203,-0.219167357,-0.2159900306,-0.2159900492,-0.2159689212
39.8,-0.6871655877,-0.2218753503,-0.2185723817,-0.2185723835,-0.2185262941
39.85,-0.6788508643,-0.2245003152,-0.2210737045,-0.2210736897,-0.2210028846
39.9,-0.6704611816,-0.2270419167,-0.2234937124,-0.2234936812,-0.2233984154
39.95,-0.6619996948,-0.2294998582,-0.2258321558,-0.2258321084,-0.225712646
40,-0.6534695639,-0.2318738812,-0.228088822,-0.2280887584,-0.2279453725
40.05,-0.6448739523,-0.2341637652,-0.2302635346,-0.2302634552,-0.2300964273
40.1,-0.6362160253,-0.2363693276,-0.2323561541,-0.2323560589,-0.2321656792
40.15,-0.6274989486,-0.2384904235,-0.2343665767,-0.234366466,-0.2341530327
40.2,-0.6187258869,-0.2405269454,-0.2362947351,-0.236294609,-0.2360584283
40.25,-0.6099000022,-0.2424788232,-0.2381405974,-0.2381404561,-0.237881842
40.3,-0.6010244529,-0.2443460237,-0.2399041674,-0.2399040112,-0.2396232851
40.35,-0.5921023919,-0.2461285504,-0.2415854841,-0.2415853132,-0.2412828039
40.4,-0.5831369653,-0.2478264433,-0.2431846215,-0.243184436,-0.2428604792
40.45,-0.5741313111,-0.2494397788,-0.2447016882,-0.2447014884,-0.2443564265
40.5,-0.5650885577,-0.2509686688,-0.2461368271,-0.2461366132,-0.2457707952
40.55,-0.5560118228,-0.2524132609,-0.2474902151,-0.2474899872,-0.2471037686
40.6,-0.5469042116,-0.2537737379,-0.2487620626,-0.2487618211,-0.248355563
40.65,-0.5377688159,-0.2550503173,-0.2499526133,-0.2499523584,-0.249526428
40.7,-0.5286087124,-0.2562432511,-0.2510621439,-0.2510618758,-0.2506166456
40.75,-0.5194269618,-0.2573528252,-0.2520909632,-0.2520906822,-0.2516265302
40.8,-0.5102266072,-0.2583793593,-0.2530394123,-0.2530391186,-0.2525564277
40.85,-0.5010106729,-0.259323206,-0.2539078637,-0.2539075576,-0.2534067154
40.9,-0.4917821634,-0.2601847506,-0.2546967211,-0.2546964027,-0.2541778015
40.95,-0.482544062,-0.260964411,-0.2554064186,-0.2554060884,-0.2548701245
41,-0.4732993292,-0.2616626364,-0.256037421,-0.256037079,-0.255484153
41.05,-0.4640509025,-0.2622799075,-0.2565902221,-0.2565898688,-0.2560203848
41.1,-0.4548016942,-0.2628167358,-0.2570653455,-0.257064981,-0.2564793467
41.15,-0.445554591,-0.2632736628,-0.257463343,-0.2574629676,-0.2568615939
41.2,-0.4363124525,-0.26365126,-0.2577847947,-0.2577844088,-0.2571677095
41.25,-0.4270781103,-0.2639501279,-0.2580303084,-0.2580299121,-0.2573983039
41.3,-0.4178543668,-0.2641708955,-0.2582005186,-0.2582001122,-0.2575540143
41.35,-0.4086439943,-0.26431422,-0.2582960866,-0.2582956704,-0.2576355041
41.4,-0.399449734,-0.264380786,-0.2583176995,-0.2583172738,-0.2576434623
41.45,-0.3902742948,-0.2643713048,-0.2582660695,-0.2582656346,-0.257578603
41.5,-0.3811203525,-0.2642865143,-0.2581419339,-0.25814149,-0.2574416648
41.55,-0.3719905489,-0.2641271777,-0.2579460538,-0.2579456012,-0.2572334102
41.6,-0.3628874908,-0.2638940833,-0.257679214,-0.257678753,-0.2569546249
41.65,-0.3538137492,-0.263588044,-0.2573422222,-0.2573417531,-0.2566061173
41.7,-0.3447718585,-0.2632098962,-0.2569359083,-0.2569354313,-0.2561887179
41.75,-0.3357643153,-0.2627604996,-0.2564611238,-0.2564606393,-0.2557032785
41.8,-0.326793578,-0.2622407362,-0.2559187413,-0.2559182496,-0.2551506716
41.85,-0.3178620661,-0.2616515099,-0.2553096539,-0.2553091552,-0.2545317902
41.9,-0.3089721589,-0.2609937458,-0.2546347743,-0.2546342688,-0.2538475465
41.95,-0.3001261955,-0.2602683893,-0.2538950341,-0.2538945222,-0.2530988715
42,-0.2913264735,-0.2594764058,-0.2530913836,-0.2530908656,-0.2522867147
42.05,-0.2825752487,-0.2586187797,-0.2522247908,-0.2522242669,-0.2514120428
42.1,-0.2738747344,-0.2576965137,-0.2512962407,-0.2512957112,-0.2504758396
42.15,-0.2652271007,-0.2567106286,-0.2503067348,-0.2503062,-0.249479105
42.2,-0.256634474,-0.2556621619,-0.2492572902,-0.2492567505,-0.2484228545
42.25,-0.2480989366,-0.2545521675,-0.2481489394,-0.2481483949,-0.2473081185
42.3,-0.2396225257,-0.2533817152,-0.2469827291,-0.2469821801,-0.2461359415
42.35,-0.2312072336,-0.2521518896,-0.2457597197,-0.2457591666,-0.2449073817
42.4,-0.2228550068,-0.2508637894,-0.2444809848,-0.2444804277,-0.24362351
42.45,-0.2145677456,-0.2495185271,-0.2431476103,-0.2431470496,-0.2422854096
42.5,-0.2063473037,-0.2481172279,-0.2417606937,-0.2417601297,-0.2408941751
42.55,-0.1981954881,-0.2466610294,-0.2403213439,-0.2403207767,-0.2394509121
42.6,-0.1901140585,-0.2451510802,-0.2388306797,-0.2388301098,-0.2379567364
42.65,-0.1821047269,-0.24358854,-0.2372898299,-0.2372892574,-0.236412773
42.7,-0.1741691577,-0.2419745786,-0.2356999323,-0.2356993575,-0.2348201561
42.75,-0.166308967,-0.2403103748,-0.2340621328,-0.234061556,-0.2331800279
42.8,-0.1585257227,-0.2385971163,-0.2323775852,-0.2323770066,-0.2314935381
42.85,-0.1508209442,-0.2368359987,-0.2306474503,-0.2306468702,-0.2297618434
42.9,-0.1431961022,-0.2350282249,-0.2288728951,-0.2288723137,-0.2279861064
42.95,-0.1356526184,-0.2331750043,-0.2270550924,-0.22705451,-0.2261674956
43,-0.1281918659,-0.2312775524,-0.22519522,-0.2251946369,-0.2243071841
43.05,-0.1208151685,-0.2293370895,-0.2232944603,-0.2232938766,-0.2224063494
43.1,-0.113523801,-0.2273548409,-0.221353999,-0.2213534151,-0.2204661726
43.15,-0.1063189892,-0.2253320355,-0.2193750253,-0.2193744414,-0.2184878376
43.2,-0.09920190954,-0.2232699055,-0.2173587307,-0.217358147,-0.216472531
43.25,-0.09217368954,-0.2211696855,-0.2153063085,-0.2153057253,-0.2144214408
43.3,-0.0852354076,-0.2190326122,-0.2132189535,-0.2132183709,-0.2123357562
43.35,-0.07838809314,-0.2168599235,-0.2110978608,-0.2110972791,-0.2102166669
43.4,-0.07163272672,-0.2146528577,-0.2089442255,-0.2089436449,-0.2080653625
43.45,-0.06497024009,-0.2124126534,-0.2067592424,-0.2067586631,-0.205883032
43.5,-0.05840151642,-0.2101405482,-0.2045441048,-0.2045435271,-0.2036708629
43.55,-0.05192739042,-0.2078377786,-0.2023000043,-0.2022994284,-0.2014300409
43.6,-0.04554864857,-0.2055055793,-0.2000281303,-0.2000275563,-0.1991617494
43.65,-0.0392660293,-0.2031451824,-0.197729669,-0.1977290972,-0.1968671686
43.7,-0.03308022328,-0.2007578168,-0.1954058034,-0.195405234,-0.1945474753
43.75,-0.02699187363,-0.1983447081,-0.1930577122,-0.1930571454,-0.1922038419
43.8,-0.02100157626,-0.1959070773,-0.1906865697,-0.1906860057,-0.1898374364
43.85,-0.01510988016,-0.1934461407,-0.188293545,-0.1882929839,-0.1874494217
43.9,-0.009317287713,-0.1909631093,-0.1858798016,-0.1858792436,-0.1850409547
43.95,-0.003624255081,-0.1884591883,-0.1834464967,-0.1834459421,-0.1826131863
44,0.001968807449,-0.185935576,-0.1809947812,-0.18099423,-0.1801672607
44.05,0.007461535055,-0.1833934644,-0.1785257983,-0.1785252508,-0.1777043147
44.1,0.01285360798,-0.1808340374,-0.1760406841,-0.1760401405,-0.1752254776
44.15,0.01814475109,-0.1782584713,-0.1735405663,-0.1735400266,-0.1727318705
44.2,0.02333473342,-0.1756679337,-0.171026564,-0.1710260285,-0.170224606
44.25,0.02842336774,-0.1730635834,-0.1684997875,-0.1684992563,-0.1677047875
44.3,0.03341051001,-0.1704465696,-0.1659613374,-0.1659608106,-0.1651735089
44.35,0.03829605893,-0.1678180318,-0.1634123044,-0.1634117822,-0.1626318544
44.4,0.04307995539,-0.1651790989,-0.1608537692,-0.1608532517,-0.1600808975
44.45,0.04776218195,-0.1625308894,-0.1582868014,-0.1582862888,-0.1575217014
44.5,0.05234276226,-0.1598745101,-0.1557124597,-0.1557119521,-0.154955318
44.55,0.05682176055,-0.1572110566,-0.1531317913,-0.1531312888,-0.1523827875
44.6,0.06119928098,-0.1545416122,-0.1505458314,-0.1505453342,-0.1498051385
44.65,0.0654754671,-0.1518672481,-0.1479556031,-0.1479551112,-0.1472233874
44.7,0.06965050122,-0.1491890224,-0.1453621168,-0.1453616304,-0.1446385377
44.75,0.07372460379,-0.1465079803,-0.1427663701,-0.1427658893,-0.1420515804
44.8,0.07769803274,-0.1438251534,-0.1401693474,-0.1401688723,-0.1394634931
44.85,0.08157108291,-0.1411415594,-0.1375720193,-0.13757155,-0.1368752399
44.9,0.08534408529,-0.1384582019,-0.1349753429,-0.1349748795,-0.134287771
44.95,0.08901740646,-0.1357760702,-0.1323802608,-0.1323798034,-0.1317020226
45,0.09259144782,-0.1330961386,-0.1297877016,-0.1297872502,-0.1291189164
45.05,0.09606664496,-0.1304193665,-0.1271985788,-0.1271981336,-0.1265393597
45.1,0.09944346695,-0.1277466978,-0.1246137912,-0.1246133522,-0.1239642447
45.15,0.1027224156,-0.1250790609,-0.1220342225,-0.1220337898,-0.1213944485
45.2,0.1059040249,-0.1224173685,-0.1194607408,-0.1194603145,-0.118830833
45.25,0.10898886,-0.119762517,-0.1168941988,-0.116893779,-0.1162742443
45.3,0.1119775168,-0.1171153865,-0.1143354332,-0.1143350199,-0.113725513
45.35,0.114870621,-0.1144768409,-0.1117852649,-0.1117848581,-0.1111854536
45.4,0.1176688276,-0.111847727,-0.1092444985,-0.1092440983,-0.1086548646
45.45,0.1203728197,-0.1092288748,-0.1067139221,-0.1067135286,-0.1061345281
45.5,0.1229833084,-0.1066210975,-0.1041943077,-0.1041939209,-0.1036252098
45.55,0.1255010314,-0.1040251908,-0.1016864103,-0.1016860302,-0.1011276589
45.6,0.1279267528,-0.101441933,-0.09919096823,-0.09919059493,-0.09864260789
45.65,0.1302612619,-0.09887208501,-0.09670870303,-0.09670833654,-0.0961707723
45.7,0.1325053726,-0.09631639007,-0.09424031913,-0.09423995948,-0.09371285087
45.75,0.1346599229,-0.09377557365,-0.09178650388,-0.0917861511,-0.09126952529
45.8,0.1367257736,-0.09125034338,-0.08934792746,-0.08934758157,-0.08884146015
45.85,0.138703808,-0.08874138892,-0.0869252428,-0.08692490381,-0.08642930286
45.9,0.1405949308,-0.08624938194,-0.08451908549,-0.08451875342,-0.0840336836
45.95,0.1424000677,-0.08377497603,-0.08213007376,-0.08212974862,-0.08165521526
46,0.1441201642,-0.08131880662,-0.07975880842,-0.07975849022,-0.07929449342
46.05,0.1457561852,-0.07888149098,-0.07740587285,-0.07740556159,-0.0769520963
46.1,0.1473091141,-0.07646362816,-0.07507183296,-0.07507152863,-0.07462858475
46.15,0.1487799518,-0.074065799,-0.07275723717,-0.07275693977,-0.07232450225
46.2,0.1501697164,-0.07168856608,-0.07046261645,-0.07046232599,-0.07004037489
46.25,0.1514794421,-0.06933247375,-0.06818848431,-0.06818820076,-0.0677767114
46.3,0.1527101786,-0.06699804815,-0.06593533681,-0.06593506016,-0.0655340032
46.35,0.1538629901,-0.06468579721,-0.06370365259,-0.06370338283,-0.06331272435
46.4,0.154938955,-0.06239621068,-0.06149389295,-0.06149363006,-0.06111333168
46.45,0.1559391646,-0.06012976021,-0.05930650184,-0.05930624579,-0.05893626479
46.5,0.1568647229,-0.05788689936,-0.05714190597,-0.05714165674,-0.05678194613
46.55,0.1577167456,-0.05566806369,-0.05500051485,-0.05500027241,-0.05465078104
46.6,0.1584963592,-0.05347367083,-0.05288272086,-0.05288248518,-0.05254315787
46.65,0.1592047006,-0.05130412053,-0.05078889938,-0.05078867042,-0.05045944803
46.7,0.1598429162,-0.0491597948,-0.04871940881,-0.04871918654,-0.04840000612
46.75,0.1604121612,-0.04704105798,-0.04667459075,-0.04667437514,-0.04636516999
46.8,0.1609135989,-0.04494825684,-0.04465477007,-0.04465456105,-0.04435526087
46.85,0.1613484001,-0.04288172072,-0.042660255,-0.04266005255,-0.04237058351
46.9,0.1617177424,-0.04084176165,-0.04069133732,-0.04069114139,-0.04041142626
46.95,0.1620228092,-0.03882867446,-0.03874829246,-0.03874810299,-0.03847806126
47,0.1622647895,-0.03684273694,-0.03683137962,-0.03683119657,-0.03657074451
47.05,0.1624448769,-0.03488420999,-0.03494084196,-0.03494066527,-0.03468971608
47.1,0.1625642689,-0.03295333778,-0.0330769067,-0.03307673632,-0.03283520024
47.15,0.1626241667,-0.03105034787,-0.03123978535,-0.03123962122,-0.03100740562
47.2,0.1626257741,-0.02917545145,-0.02942967381,-0.02942951587,-0.02920652535
47.25,0.1625702969,-0.02732884345,-0.02764675259,-0.02764660078,-0.0274327373
47.3,0.1624589426,-0.02551070276,-0.02589118696,-0.02589104122,-0.02568620418
47.35,0.1622929195,-0.02372119242,-0.02416312715,-0.0241629874,-0.02396707379
47.4,0.162073436,-0.02196045978,-0.02246270852,-0.02246257471,-0.02227547916
47.45,0.1618017006,-0.02022863675,-0.02079005179,-0.02078992384,-0.02061153878
47.5,0.1614789204,-0.01852583995,-0.01914526321,-0.01914514106,-0.01897535678
47.55,0.1611063015,-0.01685217097,-0.01752843479,-0.01752831836,-0.01736702313
47.6,0.1606850477,-0.01520771657,-0.01593964446,-0.01593953369,-0.01578661387
47.65,0.1602163603,-0.01359254889,-0.01437895636,-0.01437885117,-0.01423419132
47.7,0.1597014375,-0.01200672569,-0.012846421,-0.01284632131,-0.01270980426
47.75,0.1591414737,-0.01045029056,-0.01134207549,-0.01134198123,-0.01121348821
47.8,0.1585376594,-0.008923273172,-0.009865943782,-0.009865854874,-0.009745265603
47.85,0.1578911803,-0.007425689529,-0.008418036907,-0.008417953271,-0.008305146055
47.9,0.1572032169,-0.005957542176,-0.006998353176,-0.006998274732,-0.006893126562
47.95,0.1564749441,-0.004518820466,-0.00560687844,-0.005606805108,-0.005509191755
48,0.1557075308,-0.0031095008,-0.004243586319,-0.004243518019,-0.004153314133
48.05,0.1549021391,-0.001729546883,-0.002908438449,-0.002908375098,-0.002825454298
48.1,0.1540599243,-0.0003789099742,-0.001601384721,-0.001601326236,-0.001525561207
48.15,0.1531820341,0.0009424708519,-0.0003223635296,-0.0003223098276,-0.0002535724056
48.2,0.1522696084,0.002234668451,0.0009286979806,0.0009287469836,0.0009905857162
48.25,0.1513237789,0.003497767345,0.002151883664,0.002151928053,0.002206997681
48.3,0.1503456684,0.004731863459,0.003347288123,0.003347327982,0.003395758671
48.35,0.1493363909,0.005937063861,0.004515016456,0.004515051871,0.004556974279
48.4,0.1482970508,0.007113486487,0.005655183999,0.005655215057,0.005690760252
48.45,0.1472287427,0.008261259882,0.006767916078,0.006767942864,0.006797242244
48.5,0.1461325511,0.009380522926,0.007853347746,0.007853370345,0.007876555552
48.55,0.1450095501,0.01047142457,0.008911623527,0.008911642028,0.00892884487
48.6,0.1438608027,0.01153412355,0.009942897164,0.009942911653,0.009954264027
48.65,0.1426873611,0.01256878815,0.01094733135,0.01094734192,0.01095297573
48.7,0.1414902659,0.01357559588,0.0119250975,0.01192510422,0.01192515133
48.75,0.1402705461,0.01455473326,0.01287637543,0.01287637841,0.01287097051
48.8,0.1390292187,0.01550639552,0.01380135318,0.01380135249,0.0137906211
48.85,0.1377672882,0.0164307863,0.01470022671,0.01470022244,0.01468429878
48.9,0.1364857469,0.01732811746,0.01557319962,0.01557319186,0.01555220681
48.95,0.1351855743,0.01819860872,0.01642048295,0.01642047179,0.01639455583
49,0.1338677368,0.01904248745,0.01724229491,0.01724228043,0.01721156355
49.05,0.1325331877,0.01985998838,0.01803886059,0.01803884287,0.01800345454
49.1,0.131182867,0.02065135334,0.01881041173,0.01881039087,0.01877045994
49.15,0.1298177008,0.02141683099,0.0195571865,0.01955716258,0.01951281724
49.2,0.1284386018,0.02215667654,0.02027942918,0.02027940228,0.02023077003
49.25,0.1270464685,0.02287115152,0.02097738998,0.02097736019,0.02092456772
49.3,0.1256421854,0.02356052349,0.02165132475,0.02165129215,0.02159446536
49.35,0.1242266227,0.02422506579,0.02230149474,0.02230145941,0.0222407233
49.4,0.1228006364,0.02486505729,0.02292816637,0.02292812841,0.02286360705
49.45,0.1213650676,0.02548078211,0.02353161099,0.02353157047,0.02346338696
49.5,0.1199207431,0.02607252941,0.02411210463,0.02411206162,0.02404033803
49.55,0.1184684749,0.02664059308,0.02466992774,0.02466988234,0.02459473967
49.6,0.1170090601,0.02718527154,0.02520536501,0.02520531729,0.02512687543
49.65,0.1155432808,0.02770686748,0.02571870509,0.02571865514,0.02563703281
49.7,0.1140719044,0.02820568759,0.0262102404,0.02621018829,0.02612550303
49.75,0.1125956829,0.02868204236,0.02668026685,0.02668021266,0.02659258076
49.8,0.1111153534,0.02913624583,0.02712908367,0.02712902748,0.02703856396
49.85,0.1096316377,0.02956861531,0.02755699316,0.02755693504,0.02746375362
49.9,0.1081452427,0.02997947123,0.02796430046,0.02796424049,0.02786845355
49.95,0.1066568596,0.03036913684,0.02835131338,0.02835125163,0.02825297016
50,0.1051671649,0.030737938,0.02871834212,0.02871827868,0.02861761227
50.05,0.1036768194,0.031086203,0.02906569915,0.02906563407,0.0289626909
50.1,0.1021864689,0.03141426228,0.02939369889,0.02939363226,0.02928851903
50.15,0.1006967439,0.03172244825,0.02970265763,0.02970258951,0.02959541145
50.2,0.09920825976,0.03201109507,0.02999289323,0.02999282369,0.0298836845
50.25,0.09772161647,0.03228053844,0.03026472498,0.0302646541,0.03015365596
50.3,0.09623739902,0.0325311154,0.03051847339,0.03051840122,0.03040564476
50.35,0.09475617723,0.03276316411,0.03075445999,0.03075438662,0.03063997089
50.4,0.09327850585,0.03297702369,0.03097300718,0.03097293266,0.03085695513
50.45,0.09180492462,0.03317303398,0.031174438,0.0311743624,0.03105691893
50.5,0.09033595835,0.03335153537,0.03135907599,0.03135899938,0.0312401842
50.55,0.08887211695,0.03351286863,0.031527245,0.03152716744,0.03140707316
50.6,0.08741389556,0.03365737471,0.03167926902,0.03167919057,0.03155790814
50.65,0.08596177459,0.03378539456,0.03181547201,0.03181539272,0.03169301144
50.7,0.08451621983,0.03389726895,0.03193617773,0.03193609768,0.03181270517
50.75,0.08307768257,0.03399333832,0.03204170961,0.03204162884,0.03191731105
50.8,0.08164659966,0.0340739426,0.03213239056,0.03213230913,0.03200715032
50.85,0.08022339365,0.03413942105,0.03220854282,0.03220846079,0.03208254354
50.9,0.07880847291,0.0341901121,0.03227048783,0.03227040527,0.03214381045
50.95,0.07740223171,0.03422635319,0.0323185461,0.03231846305,0.03219126984
51,0.0760050504,0.03424848063,0.03235303701,0.03235295352,0.0322252394
51.05,0.07461729552,0.03425682944,0.03237427872,0.03237419485,0.0322460356
51.1,0.07323931991,0.03425173324,0.03238258804,0.03238250384,0.03225397352
51.15,0.07187146291,0.03423352405,0.03237828028,0.03237819579,0.03224936678
51.2,0.07051405043,0.03420253222,0.03236166911,0.03236158439,0.03223252735
51.25,0.06916739519,0.03415908626,0.03233306648,0.03233298157,0.03220376548
51.3,0.06783179679,0.03410351274,0.03229278247,0.03229269742,0.03216338956
51.35,0.06650754192,0.03403613615,0.03224112519,0.03224104005,0.032111706
51.4,0.06519490451,0.03395727876,0.03217840067,0.03217831548,0.03204901915
51.45,0.06389414587,0.03386726056,0.03210491273,0.03210482753,0.03197563116
51.5,0.06260551492,0.03376639911,0.03202096291,0.03202087775,0.03189184188
51.55,0.06132924831,0.03365500943,0.03192685036,0.03192676527,0.03179794881
51.6,0.0600655706,0.03353340395,0.0318228717,0.03182278673,0.03169424693
51.65,0.05881469445,0.03340189232,0.03170932103,0.0317092362,0.03158102867
51.7,0.05757682082,0.03326078141,0.03158648971,0.03158640508,0.03145858379
51.75,0.05635213913,0.03311037515,0.0314546664,0.03145458199,0.0313271993
51.8,0.05514082743,0.03295097447,0.03131413688,0.03131405274,0.03118715939
51.85,0.05394305263,0.03278287724,0.03116518404,0.0311651002,0.03103874534
51.9,0.05275897066,0.03260637813,0.03100808776,0.03100800425,0.03088223546
51.95,0.05158872668,0.03242176859,0.03084312488,0.03084304172,0.030717905
52,0.05043245526,0.03222933675,0.03067056907,0.03067048631,0.03054602611
52.05,0.04929028057,0.03202936735,0.03049069084,0.03049060851,0.03036686774
52.1,0.04816231661,0.03182214171,0.03030375744,0.03030367555,0.03018069561
52.15,0.04704866735,0.0316079376,0.03011003278,0.03010995138,0.02998777214
52.2,0.04594942701,0.03138702924,0.02990977744,0.02990969654,0.0297883564
52.25,0.04486468017,0.03115968722,0.02970324854,0.02970316818,0.02958270406
52.3,0.04379450204,0.03092617848,0.02949069975,0.02949061995,0.02937106732
52.35,0.04273895863,0.03068676619,0.02927238124,0.02927230202,0.02915369491
52.4,0.04169810694,0.03044170978,0.02904853959,0.02904846098,0.028930832
52.45,0.0406719952,0.03019126486,0.02881941781,0.02881933982,0.02870272019
52.5,0.03966066305,0.02993568319,0.02858525527,0.02858517793,0.02846959747
52.55,0.03866414171,0.02967521264,0.02834628767,0.028346211,0.02823169818
52.6,0.03768245426,0.02941009717,0.02810274702,0.02810267104,0.02798925299
52.65,0.03671561575,0.02914057677,0.02785486159,0.02785478632,0.02774248886
52.7,0.03576363348,0.02886688747,0.02760285593,0.02760278139,0.02749162901
52.75,0.03482650716,0.0285892613,0.0273469508,0.02734687699,0.02723689292
52.8,0.03390422911,0.02830792625,0.02708736315,0.02708729011,0.0269784963
52.85,0.03299678446,0.0280231063,0.02682430615,0.02682423388,0.02671665107
52.9,0.03210415138,0.02773502133,0.02655798913,0.02655791765,0.02645156535
52.95,0.03122630125,0.0274438872,0.02628861759,0.02628854691,0.02618344342
53,0.03036319882,0.02714991565,0.02601639318,0.02601632332,0.02591248577
53.05,0.02951480251,0.02685331434,0.0257415137,0.02574144466,0.02563888903
53.1,0.02868106449,0.02655428686,0.02546417308,0.02546410487,0.02536284601
53.15,0.02786193094,0.02625303267,0.02518456139,0.02518449403,0.02508454566
53.2,0.02705734224,0.02594974715,0.02490286484,0.02490279834,0.02480417312
53.25,0.02626723312,0.02564462158,0.02461926579,0.02461920015,0.02452190965
53.3,0.02549153289,0.02533784314,0.02433394271,0.02433387795,0.02423793269
53.35,0.0247301656,0.02502959493,0.02404707023,0.02404700636,0.02395241585
53.4,0.02398305026,0.02472005597,0.02375881916,0.02375875617,0.02366552892
53.45,0.02325010096,0.0244094012,0.02346935642,0.02346929433,0.02337743786
53.5,0.02253122713,0.02409780152,0.02317884515,0.02317878396,0.02308830483
53.55,0.02182633366,0.02378542376,0.02288744465,0.02288738436,0.0227982882
53.6,0.02113532108,0.02347243073,0.02259531042,0.02259525104,0.02250754256
53.65,0.0204580858,0.02315898125,0.0223025942,0.02230253573,0.02221621874
53.7,0.01979452019,0.02284523013,0.02200944393,0.02200938638,0.02192446384
53.75,0.01914451282,0.02253132819,0.02171600383,0.0217159472,0.0216324212
53.8,0.01850794859,0.02221742234,0.02142241439,0.02142235868,0.02134023048
53.85,0.01788470894,0.02190365554,0.0211288124,0.0211287576,0.02104802767
53.9,0.01727467194,0.02159016685,0.02083533095,0.02083527707,0.02075594508
53.95,0.01667771255,0.02127709148,0.0205420995,0.02054204655,0.0204641114
54,0.01609370268,0.02096456077,0.02024924387,0.02024919184,0.02017265171
54.05,0.01552251142,0.02065270226,0.0199568863,0.01995683519,0.01988168751
54.1,0.01496400515,0.02034163971,0.01966514544,0.01966509525,0.01959133675
54.15,0.01441804772,0.02003149313,0.01937413641,0.01937408714,0.01930171388
54.2,0.01388450058,0.0197223788,0.01908397081,0.01908392246,0.01901292984
54.25,0.01336322293,0.01941440934,0.01879475679,0.01879470935,0.01872509212
54.3,0.01285407187,0.01910769371,0.01850659904,0.0185065525,0.0184383048
54.35,0.01235690254,0.01880233728,0.01821959883,0.0182195532,0.01815266856
54.4,0.01187156824,0.01849844182,0.0179338541,0.01793380937,0.01786828073
54.45,0.01139792061,0.01819610561,0.01764945941,0.01764941558,0.01758523533
54.5,0.01093580971,0.0178954234,0.01736650605,0.01736646311,0.01730362311
54.55,0.01048508416,0.01759648653,0.01708508205,0.01708504,0.01702353155
54.6,0.01004559131,0.01729938289,0.0168052722,0.01680523104,0.01674504497
54.65,0.009617177328,0.01700419704,0.01652715814,0.01652711785,0.0164682445
54.7,0.009199687309,0.0167110102,0.01625081835,0.01625077893,0.01619320815
54.75,0.008792965427,0.01641990032,0.01597632821,0.01597628965,0.01592001087
54.8,0.008396855035,0.01613094211,0.01570376005,0.01570372235,0.01564872454
54.85,0.008011198778,0.01584420711,0.01543318319,0.01543314634,0.01537941808
54.9,0.007635838705,0.01555976369,0.01516466397,0.01516462796,0.01511215743
54.95,0.007270616378,0.01527767715,0.0148982658,0.01489823062,0.01484700562
55,0.006915372973,0.01499800973,0.01463404921,0.01463401487,0.01458402283
55.05,0.006569949386,0.01472082067,0.0143720719,0.01437203838,0.01432326641
55.1,0.006234186331,0.01444616626,0.01411238877,0.01411235605,0.01406479092
55.15,0.005907924437,0.01417409987,0.01385505196,0.01385502004,0.0138086482
55.2,0.005591004337,0.01390467205,0.01360011091,0.01360007979,0.0135548874
55.25,0.005283266769,0.01363793051,0.01334761241,0.01334758208,0.01330355503
55.3,0.004984552653,0.0133739202,0.01309760064,0.01309757108,0.013054695
55.35,0.004694703186,0.01311268339,0.0128501172,0.01285008841,0.01280834867
55.4,0.004413559919,0.01285425967,0.01260520119,0.01260517315,0.0125645549
55.45,0.004140964841,0.01259868602,0.01236288921,0.01236286192,0.01232335008
55.5,0.003876760454,0.01234599686,0.01212321547,0.01212318891,0.01208476822
55.55,0.003620789848,0.01209622412,0.01188621177,0.01188618594,0.01184884092
55.6,0.003372896778,0.01184939726,0.0116519076,0.01165188249,0.01161559752
55.65,0.003132925728,0.01160554332,0.01142033016,0.01142030576,0.01138506503
55.7,0.002900721981,0.011364687,0.01119150442,0.01119148071,0.0111572683
55.75,0.002676131685,0.01112685068,0.01096545315,0.01096543013,0.01093222995
55.8,0.002459001914,0.01089205449,0.01074219698,0.01074217464,0.01070997051
55.85,0.002249180729,0.01066031636,0.01052175446,0.01052173278,0.01049050841
55.9,0.002046517233,0.01043165205,0.01030414209,0.01030412106,0.01027386005
55.95,0.001850861629,0.01020607522,0.01008937435,0.01008935397,0.01006003985
56,0.001662065272,0.009983597475,0.009877463796,0.009877444046,0.009849060283
56.05,0.001479980718,0.009764228414,0.009668421062,0.009668401933,0.009640931931
56.1,0.001304461776,0.00954797568,0.00946225493,0.009462236412,0.00943566353
56.15,0.001135363549,0.00933484501,0.009258972371,0.009258954453,0.009233262019
56.2,0.0009725424802,0.009124840283,0.009058578591,0.009058561262,0.009033732582
56.25,0.0008158563955,0.008917963572,0.008861077079,0.008861060327,0.008837078694
56.3,0.0006651645411,0.008714215191,0.008666469649,0.008666453464,0.008643302173
56.35,0.0005203276217,0.008513593744,0.008474756494,0.008474740865,0.00845240322
56.4,0.0003812078352,0.008316096177,0.008285936225,0.00828592114,0.008264380465
56.45,0.0002476689065,0.008121717818,0.008100005917,0.008099991366,0.008079231016
56.5,0.0001195761179,0.007930452435,0.007916961159,0.00791694713,0.007896950499
56.55,-3.203660846e-06,0.007742292276,0.007736796092,0.007736782576,0.007717533108
56.6,-0.000120801946,0.007557228119,0.007559503462,0.007559490446,0.007540971645
56.65,-0.0002333486139,0.007375249321,0.007385074655,0.007385062129,0.007367257565
56.7,-0.0003409718777,0.00719634386,0.007213499749,0.007213487702,0.007196381021
56.75,-0.0004437982654,0.007020498385,0.007044767552,0.007044755973,0.007028330907
56.8,-0.0005419525997,0.00684769826,0.006878865648,0.006878854527,0.006863094901
56.85,-0.0006355579802,0.006677927608,0.006715780439,0.006715769764,0.006700659504
56.9,-0.0007247357662,0.006511169361,0.006555497188,0.00655548695,0.00654101009
56.95,-0.0008096055622,0.006347405297,0.00639800006,0.006397990247,0.006384130938
57,-0.0008902852042,0.006186616091,0.006243272164,0.006243262766,0.006230005283
57.05,-0.0009668907481,0.006028781353,0.006091295594,0.0060912866,0.006078615349
57.1,-0.001039536459,0.005873879676,0.005942051471,0.005942042871,0.005929942394
57.15,-0.001108334803,0.005721888672,0.00579551998,0.005795511764,0.005783966747
57.2,-0.00117339644,0.005572785023,0.005651680414,0.005651672572,0.005640667851
57.25,-0.001234830217,0.005426544512,0.00551051121,0.005510503731,0.0055000243
57.3,-0.001292743162,0.005283142075,0.005371989987,0.005371982862,0.005362013877
57.35,-0.001347240485,0.005142551831,0.005236093589,0.005236086808,0.005226613591
57.4,-0.001398425573,0.00500474713,0.005102798118,0.005102791671,0.005093799719
57.45,-0.001446399988,0.004869700588,0.004972078974,0.004972072851,0.004963547838
57.5,-0.001491263471,0.004737384127,0.004843910889,0.004843905081,0.004835832865
57.55,-0.00153311394,0.004607769013,0.004718267966,0.004718262463,0.004710629091
57.6,-0.001572047497,0.004480825893,0.004595123713,0.004595118506,0.004587910215
57.65,-0.001608158428,0.004356524835,0.004474451079,0.004474446158,0.004467649383
57.7,-0.001641539208,0.004234835359,0.004356222486,0.004356217843,0.004349819219
57.75,-0.00167228051,0.00411572648,0.004240409866,0.004240405492,0.004234391858
57.8,-0.00170047121,0.003999166735,0.004126984694,0.00412698058,0.004121338984
57.85,-0.001726198393,0.003885124226,0.004015918017,0.004015914154,0.004010631856
57.9,-0.001749547367,0.003773566646,0.003907180491,0.003907176872,0.003902241345
57.95,-0.001770601665,0.00366446132,0.003800742411,0.003800739026,0.00379613796
58,-0.001789443063,0.00355777523,0.003696573738,0.00369657058,0.003692291887
58.05,-0.001806151588,0.003453475055,0.003594644137,0.003594641197,0.00359067301
58.1,-0.001820805527,0.003351527196,0.003494923,0.003494920269,0.003491250947
58.15,-0.001833481445,0.00325189781,0.003397379476,0.003397376948,0.003393995076
58.2,-0.001844254197,0.003154552839,0.003301982504,0.003301980171,0.003298874563
58.25,-0.00185319694,0.003059458042,0.003208700837,0.003208698692,0.003205858391
58.3,-0.001860381149,0.002966579018,0.00311750307,0.003117501104,0.003114915388
58.35,-0.001865876633,0.002875881242,0.003028357664,0.003028355871,0.003026014249
58.4,-0.001869751552,0.002787330086,0.00294123298,0.002941231352,0.002939123568
58.45,-0.001872072429,0.002700890849,0.002856097293,0.002856095825,0.002854211856
58.5,-0.001872904173,0.002616528783,0.002772918828,0.002772917511,0.002771247573
58.55,-0.001872310092,0.002534209117,0.002691665775,0.002691664604,0.002690199146
58.6,-0.001870351912,0.002453897083,0.002612306317,0.002612305285,0.002611034996
58.65,-0.001867089799,0.002375557942,0.002534808653,0.002534807754,0.002533723556
58.7,-0.001862582372,0.002299157003,0.002459141018,0.002459140246,0.0024582333
58.75,-0.001856886726,0.002224659648,0.002385271706,0.002385271054,0.002384532756
58.8,-0.001850058451,0.002152031358,0.00231316909,0.002313168553,0.002312590534
58.85,-0.00184215165,0.002081237727,0.002242801641,0.002242801213,0.002242375341
58.9,-0.001833218962,0.002012244488,0.002174137952,0.002174137628,0.002173856004
58.95,-0.00182331158,0.001945017533,0.002107146751,0.002107146526,0.002107001485
59,-0.001812479275,0.00187952293,0.002041796925,0.002041796793,0.002041780902
59.05,-0.001800770412,0.001815726943,0.001978057532,0.001978057488,0.001978163546
59.1,-0.001788231975,0.00175359605,0.001915897823,0.001915897862,0.001916118896
59.15,-0.001774909588,0.001693096961,0.001855287255,0.001855287372,0.001855616638
59.2,-0.001760847534,0.001634196635,0.001796195506,0.001796195698,0.001796626677
59.25,-0.00174608878,0.001576862294,0.001738592496,0.001738592758,0.001739119156
59.3,-0.001730674994,0.00152106144,0.001682448395,0.001682448722,0.001683064467
59.35,-0.001714646575,0.00146676187,0.001627733637,0.001627734025,0.001628433266
59.4,-0.001698042664,0.001413931691,0.001574418939,0.001574419385,0.001575196487
59.45,-0.001680901176,0.001362539329,0.001522475308,0.001522475807,0.001523325351
59.5,-0.001663258815,0.001312553548,0.001471874054,0.001471874603,0.001472791383
59.55,-0.001645151101,0.001263943458,0.001422586804,0.001422587399,0.001423566419
59.6,-0.001626612389,0.001216678529,0.00137458551,0.001374586148,0.001375622618
59.65,-0.001607675893,0.001170728598,0.001327842459,0.001327843137,0.001328932472
59.7,-0.001588373704,0.001126063885,0.001282330286,0.001282331,0.001283468816
59.75,-0.001568736818,0.001082654998,0.001238021978,0.001238022725,0.001239204835
59.8,-0.001548795155,0.001040472945,0.001194890885,0.001194891663,0.001196114075
59.85,-0.001528577579,0.0009994891397,0.00115291073,0.001152911536,0.001154170449
59.9,-0.001508111924,0.0009596754122,0.001112055612,0.001112056443,0.001113348244
59.95,-0.001487425011,0.0009210040142,0.001072300015,0.001072300869,0.001073622128
60,-0.001466542674,0.000883447627,0.001033618813,0.001033619687,0.001034967155
60.05,-0.001445489778,0.0008469793666,0.0009959872766,0.0009959881689,0.0009973587743
60.1,-0.001424290244,0.0008115727898,0.0009593810782,0.0009593819866,0.0009607728294
60.15,-0.001402967066,0.0007772018992,0.0009237762952,0.0009237772177,0.0009251855671
60.2,-0.001381542336,0.0007438411473,0.000889149415,0.0008891503497,0.0008905736397
60.25,-0.001360037261,0.0007114654404,0.0008554773379,0.000855478283,0.0008569141085
60.3,-0.001338472189,0.0006800501422,0.0008227373801,0.000822738334,0.0008241844467
60.35,-0.001316866625,0.0006495710764,0.0007909072767,0.0007909082378,0.0007923625416
60.4,-0.001295239251,0.0006200045291,0.0007599651828,0.0007599661497,0.0007614266971
60.45,-0.00127360795,0.0005913272502,0.0007298896757,0.000729890647,0.0007313556344
60.5,-0.001251989826,0.0005635164553,0.0007006597555,0.0007006607298,0.0007021284935
60.55,-0.001230401217,0.000536549826,0.0006722548456,0.0006722558219,0.0006737248334
60.6,-0.001208857724,0.0005104055102,0.0006446547932,0.0006446557705,0.0006461246325
60.65,-0.001187374224,0.0004850621223,0.0006178398687,0.0006178408459,0.0006193082878
60.7,-0.00116596489,0.0004604987424,0.0005917907649,0.0005917917411,0.0005932566143
60.75,-0.001144643211,0.0004366949149,0.0005664885959,0.0005664895704,0.0005679508443
60.8,-0.001123422013,0.0004136306477,0.0005419148956,0.0005419158676,0.0005433726248
60.85,-0.001102313471,0.0003912864096,0.0005180516157,0.0005180525845,0.0005195040165
60.9,-0.001081329132,0.0003696431283,0.000494881123,0.0004948820881,0.0004963274909
60.95,-0.001060479935,0.0003486821877,0.0004723861974,0.0004723871582,0.0004738259277
61,-0.00103977622,0.0003283854247,0.0004505500282,0.0004505509843,0.0004519826119
61.05,-0.001019227755,0.0003087351257,0.0004293562108,0.0004293571619,0.00043078123
61.1,-0.0009988437476,0.0002897140227,0.0004087887431,0.0004087896889,0.0004102058667
61.15,-0.0009786328619,0.0002713052892,0.0003888320216,0.0003888329617,0.0003902410005
61.2,-0.0009586032376,0.0002534925356,0.0003694708365,0.0003694717708,0.0003708714997
61.25,-0.0009387625045,0.0002362598043,0.0003506903672,0.0003506912956,0.0003520826173
61.3,-0.0009191177989,0.0002195915646,0.0003324761778,0.0003324771001,0.0003338599865
61.35,-0.0008996757793,0.0002034727071,0.0003148142111,0.0003148151274,0.0003161896153
61.4,-0.000880442642,0.0001878885382,0.0002976907839,0.0002976916941,0.0002990578808
61.45,-0.0008614241361,0.0001728247736,0.0002810925805,0.0002810934847,0.000282451524
61.5,-0.0008426255785,0.0001582675326,0.0002650066473,0.0002650075456,0.0002663576438
61.55,-0.0008240518686,0.0001442033309,0.0002494203863,0.0002494212789,0.0002507636903
61.6,-0.0008057075023,0.0001306190744,0.000234321549,0.0002343224359,0.0002356574592
61.65,-0.0007875965864,0.0001175020519,0.0002196982294,0.0002196991108,0.0002210270848
61.7,-0.0007697228521,0.0001048399279,0.0002055388575,0.0002055397337,0.0002068610335
61.75,-0.0007520896688,9.262073538e-05,0.0001918321924,0.0001918330636,0.0001931480968
61.8,-0.0007347000571,8.083286802e-05,0.0001785673149,0.0001785681814,0.0001798773845
61.85,-0.0007175567016,6.946507257e-05,0.0001657336208,0.0001657344829,0.0001670383172
61.9,-0.0007006619639,5.850644096e-05,0.000153320813,0.0001533216709,0.0001546206193
61.95,-0.0006840178947,4.794640223e-05,0.000141318894,0.0001413197482,0.0001426143115
62,-0.000667626246,3.777471439e-05,0.0001297181591,0.0001297190098,0.0001310097031
62.05,-0.000651488483,2.798145615e-05,0.0001185091876,0.0001185100352,0.0001197973849
62.1,-0.0006356057954,1.855701852e-05,0.0001076828358,0.0001076836807,0.000108968221
62.15,-0.0006199791091,9.492096372e-06,9.723022901e-05,9.723107155e-05,9.851334139e-05
62.2,-0.0006046090966,7.776799184e-07,8.714275356e-05,8.71435941e-05,8.842413403e-05
62.25,-0.0005894961885,-7.594953917e-06,7.741204891e-05,7.741288782e-05,7.869223705e-05
62.3,-0.0005746405834,-1.563425013e-05,6.802999971e-05,6.803083738e-05,6.930953092e-05
62.35,-0.0005600422582,-2.33483843e-05,5.898872785e-05,5.898956464e-05,6.026813053e-05
62.4,-0.0005457009784,-3.074527135e-05,5.028058441e-05,5.028142069e-05,5.156037734e-05
62.45,-0.0005316163074,-3.78325742e-05,4.189814172e-05,4.189897786e-05,4.31788315e-05
62.5,-0.0005177876162,-4.461771252e-05,3.383418541e-05,3.383502177e-05,3.5116264e-05
62.55,-0.0005042140926,-5.110787144e-05,2.608170642e-05,2.608254334e-05,2.736564881e-05
62.6,-0.0004908947499,-5.731001023e-05,1.863389312e-05,1.863473095e-05,1.992015511e-05
62.65,-0.0004778284359,-6.323087093e-05,1.148412345e-05,1.148496251e-05,1.277313954e-05
62.7,-0.0004650138411,-6.887698698e-05,4.62595713e-06,4.626797742e-06,5.918138517e-06
62.75,-0.0004524495072,-7.425469176e-05,-1.94687209e-06,-1.946029629e-06,-6.511393964e-07
62.8,-0.0004401338349,-7.937012705e-05,-8.240464078e-06,-8.239619483e-06,-6.940821019e-06
62.85,-0.0004280650915,-8.422925145e-05,-1.426075989e-05,-1.425991289e-05,-1.295687601e-05
62.9,-0.0004162414189,-8.883784869e-05,-2.001354924e-05,-2.001269959e-05,-1.870512422e-05
62.95,-0.0004046608404,-9.320153585e-05,-2.550447788e-05,-2.550362535e-05,-2.419124296e-05
63,-0.0003933212682,-9.732577144e-05,-3.073905482e-05,-3.07381992e-05,-2.942077409e-05
63.05,-0.0003822205097,-0.0001012158634,-3.57226595e-05,-3.57218006e-05,-3.439913111e-05
63.1,-0.0003713562748,-0.0001048769771,-4.046054877e-05,-4.045968642e-05,-3.913160597e-05
63.15,-0.0003607261819,-0.0001083141427,-4.495786375e-05,-4.495699782e-05,-4.362337586e-05
63.2,-0.000350327764,-0.0001115322631,-4.921963655e-05,-4.921876691e-05,-4.787950979e-05
63.25,-0.0003401584754,-0.0001145361214,-5.325079685e-05,-5.32499234e-05,-5.190497504e-05
63.3,-0.0003302156966,-0.0001173303878,-5.705617825e-05,-5.705530093e-05,-5.570464346e-05
63.35,-0.0003204967406,-0.0001199196271,-6.064052457e-05,-6.063964334e-05,-5.92832976e-05
63.4,-0.0003109988581,-0.0001223083053,-6.40084959e-05,-6.400761072e-05,-6.264563662e-05
63.45,-0.0003017192426,-0.0001245007968,-6.716467443e-05,-6.716378532e-05,-6.579628212e-05
63.5,-0.0002926550357,-0.0001265013904,-7.011357024e-05,-7.011267723e-05,-6.87397837e-05
63.55,-0.0002838033317,-0.0001283142961,-7.285962675e-05,-7.28587299e-05,-7.148062437e-05
63.6,-0.0002751611826,-0.0001299436513,-7.540722604e-05,-7.540632543e-05,-7.402322576e-05
63.65,-0.0002667256023,-0.0001313935263,-7.776069402e-05,-7.775978977e-05,-7.637195314e-05
63.7,-0.0002584935711,-0.0001326679307,-7.99243053e-05,-7.992339754e-05,-7.853112025e-05
63.75,-0.0002504620399,-0.0001337708186,-8.190228791e-05,-8.190137681e-05,-8.050499389e-05
63.8,-0.000242627934,-0.0001347060937,-8.369882784e-05,-8.369791359e-05,-8.229779835e-05
63.85,-0.0002349881573,-0.0001354776151,-8.531807329e-05,-8.53171561e-05,-8.391371957e-05
63.9,-0.0002275395957,-0.0001360892014,-8.676413875e-05,-8.676321888e-05,-8.535690916e-05
63.95,-0.0002202791208,-0.000136544636,-8.80411089e-05,-8.80401866e-05,-8.663148815e-05
64,-0.0002132035931,-0.0001368476713,-8.91530422e-05,-8.915211778e-05,-8.774155055e-05
64.05,-0.0002063098655,-0.0001370020327,-9.010397435e-05,-9.010304812e-05,-8.869116668e-05
64.1,-0.0001995947863,-0.0001370114228,-9.089792148e-05,-9.089699377e-05,-8.948438631e-05
64.15,-0.000193055202,-0.0001368795251,-9.15388831e-05,-9.153795429e-05,-9.012524151e-05
64.2,-0.0001866879604,-0.0001366100075,-9.20308449e-05,-9.202991537e-05,-9.061774938e-05
64.25,-0.0001804899131,-0.0001362065256,-9.237778125e-05,-9.237685141e-05,-9.096591449e-05
64.3,-0.0001744579183,-0.0001356727254,-9.258365753e-05,-9.258272782e-05,-9.117373111e-05
64.35,-0.0001685888429,-0.0001350122465,-9.265243222e-05,-9.265150308e-05,-9.124518526e-05
64.4,-0.0001628795651,-0.0001342287244,-9.258805875e-05,-9.258713065e-05,-9.118425648e-05
64.45,-0.0001573269766,-0.0001333257929,-9.239448717e-05,-9.23935606e-05,-9.099491946e-05
64.5,-0.0001519279846,-0.0001323070863,-9.207566559e-05,-9.207474105e-05,-9.06811454e-05
64.55,-0.0001466795137,-0.0001311762407,-9.163554136e-05,-9.163461937e-05,-9.024690317e-05
64.6,-0.0001415785081,-0.0001299368963,-9.107806212e-05,-9.107714323e-05,-8.969616026e-05
64.65,-0.0001366219329,-0.0001285926984,-9.040717659e-05,-9.040626135e-05,-8.903288357e-05
64.7,-0.0001318067762,-0.0001271472985,-8.962683513e-05,-8.96259241e-05,-8.826103992e-05
64.75,-0.0001271300506,-0.0001256043555,-8.874099015e-05,-8.874008391e-05,-8.73845964e-05
64.8,-0.0001225887944,-0.0001239675361,-8.775359629e-05,-8.775269543e-05,-8.640752055e-05
64.85,-0.0001181800732,-0.0001222405153,-8.666861041e-05,-8.666771553e-05,-8.533378027e-05
64.9,-0.0001139009811,-0.0001204269771,-8.548999138e-05,-8.548910309e-05,-8.416734366e-05
64.95,-0.0001097486423,-0.0001185306141,-8.422169972e-05,-8.422081863e-05,-8.291217855e-05
65,-0.0001057202114,-0.0001165551273,-8.286769696e-05,-8.28668237e-05,-8.157225191e-05
65.05,-0.0001018128753,-0.0001145042262,-8.143194499e-05,-8.143108018e-05,-8.015152915e-05
65.1,-9.802385376e-05,-0.000112381628,-7.991840505e-05,-7.991754933e-05,-7.865397309e-05
65.15,-9.435040017e-05,-0.0001101910567,-7.833103668e-05,-7.833019067e-05,-7.708354295e-05
65.2,-9.078980269e-05,-0.0001079362425,-7.667379647e-05,-7.667296081e-05,-7.544419305e-05
65.25,-8.733938479e-05,-0.0001056209206,-7.495063665e-05,-7.494981197e-05,-7.373987141e-05
65.3,-8.399650598e-05,-0.0001032488296,-7.316550351e-05,-7.316469046e-05,-7.197451823e-05
65.35,-8.075856245e-05,-0.0001008237108,-7.132233578e-05,-7.132153497e-05,-7.015206414e-05
65.4,-7.762298759e-05,-9.834930579e-05,-6.942506269e-05,-6.942427475e-05,-6.827642844e-05
65.45,-7.458725249e-05,-9.582935521e-05,-6.747760209e-05,-6.747682765e-05,-6.635151713e-05
65.5,-7.16488664e-05,-9.32675967e-05,-6.548385833e-05,-6.5483098e-05,-6.438122083e-05
65.55,-6.880537708e-05,-9.066776287e-05,-6.344772006e-05,-6.344697446e-05,-6.23694126e-05
65.6,-6.605437113e-05,-8.803357908e-05,-6.137305794e-05,-6.137232765e-05,-6.031994569e-05
65.65,-6.339347428e-05,-8.536876124e-05,-5.926372219e-05,-5.92630078e-05,-5.823665112e-05
65.7,-6.082035161e-05,-8.267701332e-05,-5.71235401e-05,-5.71228422e-05,-5.612333522e-05
65.75,-5.833270773e-05,-7.996202485e-05,-5.495631348e-05,-5.495563262e-05,-5.398377708e-05
65.8,-5.592828688e-05,-7.722746828e-05,-5.276581591e-05,-5.276515265e-05,-5.18217259e-05
65.85,-5.36048731e-05,-7.447699629e-05,-5.055579007e-05,-5.055514494e-05,-4.96408983e-05
65.9,-5.136029019e-05,-7.171423892e-05,-4.832994488e-05,-4.83293184e-05,-4.744497557e-05
65.95,-4.919240178e-05,-6.894280076e-05,-4.609195266e-05,-4.609134534e-05,-4.523760082e-05
66,-4.709911128e-05,-6.616625792e-05,-4.384544622e-05,-4.384485854e-05,-4.302237616e-05
66.05,-4.507836184e-05,-6.338815503e-05,-4.15940159e-05,-4.159344832e-05,-4.080285977e-05
66.1,-4.312813622e-05,-6.06120022e-05,-3.934120658e-05,-3.934065956e-05,-3.858256298e-05
66.15,-4.124645669e-05,-5.784127181e-05,-3.70905147e-05,-3.708998864e-05,-3.636494732e-05
66.2,-3.943138486e-05,-5.507939546e-05,-3.484538517e-05,-3.484488048e-05,-3.415342153e-05
66.25,-3.768102149e-05,-5.232976066e-05,-3.260920838e-05,-3.260872545e-05,-3.195133864e-05
66.3,-3.599350629e-05,-4.959570773e-05,-3.038531715e-05,-3.038485633e-05,-2.976199294e-05
66.35,-3.436701767e-05,-4.688052647e-05,-2.81769837e-05,-2.817654531e-05,-2.758861701e-05
66.4,-3.279977248e-05,-4.418745298e-05,-2.598741661e-05,-2.598700096e-05,-2.543437882e-05
66.45,-3.12900257e-05,-4.151966643e-05,-2.381975781e-05,-2.381936518e-05,-2.330237874e-05
66.5,-2.983607018e-05,-3.888028582e-05,-2.167707965e-05,-2.167671028e-05,-2.119564669e-05
66.55,-2.843623626e-05,-3.627236678e-05,-1.95623819e-05,-1.956203602e-05,-1.911713921e-05
66.6,-2.708889145e-05,-3.369889838e-05,-1.747858892e-05,-1.747826673e-05,-1.706973671e-05
66.65,-2.579244004e-05,-3.116280002e-05,-1.542854675e-05,-1.542824842e-05,-1.505624066e-05
66.7,-2.454532277e-05,-2.866691828e-05,-1.341502036e-05,-1.341474602e-05,-1.307937085e-05
66.75,-2.334601637e-05,-2.621402391e-05,-1.14406909e-05,-1.144044066e-05,-1.114176282e-05
66.8,-2.219303318e-05,-2.380680879e-05,-9.50815304e-06,-9.507926973e-06,-9.245965183e-06
66.85,-2.108492072e-05,-2.144788302e-05,-7.619912398e-06,-7.619710557e-06,-7.394437194e-06
66.9,-2.002026125e-05,-1.913977204e-05,-5.77838303e-06,-5.778205432e-06,-5.589546292e-06
66.95,-1.899767133e-05,-1.688491385e-05,-3.985885016e-06,-3.985731648e-06,-3.833565782e-06
67,-1.801580135e-05,-1.468565628e-05,-2.24464214e-06,-2.244512959e-06,-2.128672587e-06
67.05,-1.707333506e-05,-1.25442544e-05,-5.567796729e-07,-5.566746021e-07,-4.769451144e-07
67.1,-1.616898913e-05,-1.046286799e-05,1.075677749e-06,1.075758816e-06,1.119638778e-06
67.15,-1.53015126e-05,-8.443559105e-06,2.650808126e-06,2.650865325e-06,2.659203711e-06
67.2,-1.446968645e-05,-6.488289778e-06,4.166793984e-06,4.166827485e-06,4.139978588e-06
67.25,-1.367232308e-05,-4.598919818e-06,5.62192415e-06,5.621934151e-06,5.560298287e-06
67.3,-1.29082658e-05,-2.777204728e-06,7.014595393e-06,7.014582125e-06,6.918605229e-06
67.35,-1.217638835e-05,-1.02479375e-06,8.343313944e-06,8.343277667e-06,8.213450813e-06
67.4,-1.147559436e-05,6.567719662e-07,9.60669688e-06,9.606637885e-06,9.443496723e-06
67.45,-1.080481686e-05,2.266061056e-06,1.080347337e-05,1.080339198e-05,1.06075161e-05
67.5,-1.016301778e-05,3.8017535e-06,1.19324858e-05,1.193238236e-05,1.170439457e-05
67.55,-9.549187373e-06,5.262642037e-06,1.29926907e-05,1.299256559e-05,1.273313115e-05
67.6,-8.962343772e-06,6.647633441e-06,1.398315961e-05,1.398301324e-05,1.369283897e-05
67.65,-8.401532428e-06,7.95574964e-06,1.490307971e-05,1.490291253e-05,1.458274589e-05
67.7,-7.865825601e-06,9.186128689e-06,1.575175438e-05,1.575156684e-05,1.540219493e-05
67.75,-7.35432185e-06,1.033802559e-05,1.652860354e-05,1.652839613e-05,1.615064461e-05
67.8,-6.866145507e-06,1.141081294e-05,1.723316385e-05,1.72329371e-05,1.682766903e-05
67.85,-6.400446172e-06,1.240398146e-05,1.786508881e-05,1.786484325e-05,1.743295793e-05
67.9,-5.956398191e-06,1.331714028e-05,1.84241486e-05,1.842388481e-05,1.796631647e-05
67.95,-5.533200152e-06,1.415001719e-05,1.891022989e-05,1.890994846e-05,1.842766494e-05
68,-5.130074374e-06,1.490245858e-05,1.932333536e-05,1.932303689e-05,1.881703828e-05
68.05,-4.746266401e-06,1.557442933e-05,1.966358314e-05,1.966326829e-05,1.913458543e-05
68.1,-4.381044504e-06,1.616601246e-05,1.993120609e-05,1.993087551e-05,1.938056855e-05
68.15,-4.03369918e-06,1.667740869e-05,2.012655089e-05,2.012620526e-05,1.955536207e-05
68.2,-3.703542657e-06,1.710893572e-05,2.025007697e-05,2.024971698e-05,1.96594516e-05
68.25,-3.389908408e-06,1.746102747e-05,2.030235531e-05,2.03019817e-05,1.969343262e-05
68.3,-3.092150665e-06,1.773423304e-05,2.02840671e-05,2.028368059e-05,1.965800914e-05
68.35,-2.809643936e-06,1.79292156e-05,2.019600215e-05,2.01956035e-05,1.955399209e-05
68.4,-2.541782533e-06,1.804675107e-05,2.003905727e-05,2.003864724e-05,1.93822976e-05
68.45,-2.287980098e-06,1.80877266e-05,1.98142344e-05,1.981381378e-05,1.914394516e-05
68.5,-2.047669144e-06,1.805313896e-05,1.952263867e-05,1.952220824e-05,1.88400556e-05
68.55,-1.82030059e-06,1.794409275e-05,1.916547623e-05,1.916503681e-05,1.847184892e-05
68.6,-1.605343315e-06,1.776179841e-05,1.874405202e-05,1.874360441e-05,1.804064201e-05
68.65,-1.402283703e-06,1.750757012e-05,1.825976732e-05,1.825931236e-05,1.754784624e-05
68.7,-1.210625208e-06,1.718282356e-05,1.771411724e-05,1.771365577e-05,1.699496483e-05
68.75,-1.029887915e-06,1.678907343e-05,1.710868802e-05,1.710822087e-05,1.638359023e-05
68.8,-8.596081164e-07,1.632793098e-05,1.644515421e-05,1.644468222e-05,1.571540121e-05
68.85,-6.993378853e-07,1.580110124e-05,1.572527573e-05,1.572479976e-05,1.499216e-05
68.9,-5.486446626e-07,1.521038019e-05,1.495089482e-05,1.495041572e-05,1.421570915e-05
68.95,-4.071108478e-07,1.455765182e-05,1.412393286e-05,1.412345149e-05,1.338796838e-05
69,-2.743333969e-07,1.384488501e-05,1.324638707e-05,1.324590429e-05,1.251093128e-05
69.05,-1.499234268e-07,1.307413028e-05,1.232032712e-05,1.231984377e-05,1.158666194e-05
69.1,-3.35058273e-08,1.224751645e-05,1.13478916e-05,1.134740853e-05,1.061729141e-05
69.15,7.528112069e-08,1.136724722e-05,1.033128444e-05,1.033080252e-05,9.605014135e-06
69.2,1.7678612e-07,1.043559754e-05,9.272771237e-06,9.27229129e-06,8.552084264e-06
69.25,2.71345225e-07,9.454909943e-06,8.174675418e-06,8.174198289e-06,7.460811899e-06
69.3,3.592822023e-07,8.427590788e-06,7.039374423e-06,7.038900941e-06,6.333559239e-06
69.35,4.40908885e-07,7.356106371e-06,5.869295748e-06,5.868826735e-06,5.17273667e-06
69.4,5.165255195e-07,6.242978973e-06,4.666912942e-06,4.666449208e-06,3.980798787e-06
69.45,5.864211058e-07,5.090782814e-06,3.434741535e-06,3.434283881e-06,2.760240346e-06
69.5,6.508737305e-07,3.902139941e-06,2.175334912e-06,2.174884125e-06,1.513592174e-06
69.55,7.101508933e-07,2.679716041e-06,8.912801319e-07,8.908369855e-07,2.434170232e-07
69.6,7.645098264e-07,1.426216196e-06,-4.14806293e-07,-4.152410395e-07,-1.047694613e-06
69.65,8.141978071e-07,1.443805767e-07,-1.740282659e-06,-1.740708262e-06,-2.357128718e-06
69.7,8.594524637e-07,-1.163019907e-06,-3.082486361e-06,-3.082902096e-06,-3.682252004e-06
69.75,9.005020748e-07,-2.493188002e-06,-4.438738211e-06,-4.43914337e-06,-5.020416175e-06
69.8,9.375658611e-07,-3.843304543e-06,-5.80634677e-06,-5.806740665e-06,-6.36896222e-06
69.85,9.708542719e-07,-5.210532909e-06,-7.182612695e-06,-7.182994658e-06,-7.7252247e-06
69.9,1.000569264e-06,-6.592023507e-06,-8.564833087e-06,-8.565202472e-06,-9.086536047e-06
69.95,1.026904574e-06,-7.984918263e-06,-9.950305839e-06,-9.950662021e-06,-1.045023085e-05
70,1.050045984e-06,-9.38635513e-06,-1.133633397e-05,-1.133667635e-05,-1.181365015e-05
70.05,1.070171585e-06,-1.079347259e-05,-1.272022996e-05,-1.272055796e-05,-1.317414568e-05
70.1,1.087452025e-06,-1.220341414e-05,-1.409932003e-05,-1.40996331e-05,-1.452908412e-05
70.15,1.102050758e-06,-1.361333279e-05,-1.547094843e-05,-1.547124604e-05,-1.587585127e-05
70.2,1.11412429e-06,-1.502039553e-05,-1.683248165e-05,-1.683276331e-05,-1.721185627e-05
70.25,1.123822405e-06,-1.642178774e-05,-1.818131265e-05,-1.818157788e-05,-1.853453568e-05
70.3,1.131288401e-06,-1.781471762e-05,-1.951486496e-05,-1.951511332e-05,-1.984135758e-05
70.35,1.136659311e-06,-1.919642052e-05,-2.083059678e-05,-2.083082786e-05,-2.112982555e-05
70.4,1.140066121e-06,-2.056416327e-05,-2.212600502e-05,-2.212621844e-05,-2.239748266e-05
70.45,1.141633977e-06,-2.191524844e-05,-2.339862926e-05,-2.339882465e-05,-2.364191533e-05
70.5,1.141482397e-06,-2.32470185e-05,-2.464605558e-05,-2.464623263e-05,-2.486075715e-05
70.55,1.139725468e-06,-2.455685999e-05,-2.586592042e-05,-2.586607883e-05,-2.605169259e-05
70.6,1.136472039e-06,-2.584220753e-05,-2.705591426e-05,-2.705605378e-05,-2.721246065e-05
70.65,1.131825916e-06,-2.710054783e-05,-2.821378528e-05,-2.821390566e-05,-2.834085839e-05
70.7,1.125886038e-06,-2.832942352e-05,-2.933734282e-05,-2.933744388e-05,-2.943474439e-05
70.75,1.118746664e-06,-2.952643699e-05,-3.042446086e-05,-3.042454243e-05,-3.049204209e-05
70.8,1.110497541e-06,-3.068925403e-05,-3.147308132e-05,-3.147314327e-05,-3.151074303e-05
70.85,1.101224074e-06,-3.181560744e-05,-3.248121722e-05,-3.248125944e-05,-3.248890994e-05
70.9,1.091007491e-06,-3.290330051e-05,-3.344695581e-05,-3.344697825e-05,-3.342467978e-05
70.95,1.079925001e-06,-3.395021033e-05,-3.43684615e-05,-3.436846411e-05,-3.431626656e-05
71,1.06804995e-06,-3.495429109e-05,-3.524397867e-05,-3.524396146e-05,-3.516196417e-05
71.05,1.055451966e-06,-3.591357712e-05,-3.607183442e-05,-3.607179742e-05,-3.596014892e-05
71.1,1.04219711e-06,-3.68261859e-05,-3.685044107e-05,-3.685038434e-05,-3.670928204e-05
71.15,1.02834801e-06,-3.76903209e-05,-3.75782986e-05,-3.757822224e-05,-3.740791206e-05
71.2,1.013964004e-06,-3.850427426e-05,-3.825399694e-05,-3.825390107e-05,-3.805467695e-05
71.25,9.991012682e-07,-3.926642935e-05,-3.887621804e-05,-3.887610284e-05,-3.864830619e-05
71.3,9.838129437e-07,-3.997526318e-05,-3.944373793e-05,-3.944360359e-05,-3.918762269e-05
71.35,9.681492632e-07,-4.062934864e-05,-3.995542846e-05,-3.99552752e-05,-3.967154448e-05
71.4,9.521576694e-07,-4.12273566e-05,-4.041025899e-05,-4.041008707e-05,-4.009908637e-05
71.45,9.358829306e-07,-4.176805785e-05,-4.080729793e-05,-4.080710763e-05,-4.046936132e-05
71.5,9.193672535e-07,-4.225032486e-05,-4.114571401e-05,-4.114550566e-05,-4.078158175e-05
71.55,9.026503909e-07,-4.267313341e-05,-4.142477752e-05,-4.142455145e-05,-4.103506062e-05
71.6,8.857697472e-07,-4.303556401e-05,-4.164386128e-05,-4.164361789e-05,-4.122921241e-05
71.65,8.68760479e-07,-4.333680318e-05,-4.180244153e-05,-4.180218121e-05,-4.136355387e-05
71.7,8.516555933e-07,-4.357614455e-05,-4.190009857e-05,-4.189982175e-05,-4.143770463e-05
71.75,8.344860418e-07,-4.375298978e-05,-4.193651727e-05,-4.193622441e-05,-4.145138767e-05
71.8,8.172808124e-07,-4.386684932e-05,-4.191148743e-05,-4.191117902e-05,-4.14044296e-05
71.85,8.000670167e-07,-4.391734298e-05,-4.182490395e-05,-4.18245805e-05,-4.129676074e-05
71.9,7.828699754e-07,-4.390420035e-05,-4.167676682e-05,-4.167642885e-05,-4.11284151e-05
71.95,7.657133001e-07,-4.382726099e-05,-4.146718092e-05,-4.146682901e-05,-4.089953014e-05
72,7.486189723e-07,-4.368647451e-05,-4.119635573e-05,-4.119599046e-05,-4.061034636e-05
72.05,7.316074193e-07,-4.34819004e-05,-4.086460482e-05,-4.086422678e-05,-4.02612068e-05
72.1,7.146975879e-07,-4.321370779e-05,-4.047234511e-05,-4.047195493e-05,-3.985255624e-05
72.15,6.979070148e-07,-4.288217487e-05,-4.002009612e-05,-4.001969444e-05,-3.938494037e-05
72.2,6.812518948e-07,-4.248768834e-05,-3.950847887e-05,-3.950806635e-05,-3.885900473e-05
72.25,6.647471464e-07,-4.203074249e-05,-3.893821477e-05,-3.893779209e-05,-3.827549349e-05
72.3,6.484064743e-07,-4.151193824e-05,-3.831012429e-05,-3.830969215e-05,-3.76352481e-05
72.35,6.322424308e-07,-4.093198197e-05,-3.762512541e-05,-3.762468452e-05,-3.693920574e-05
72.4,6.162664735e-07,-4.029168415e-05,-3.688423205e-05,-3.688378313e-05,-3.618839767e-05
72.45,6.004890214e-07,-3.959195786e-05,-3.608855221e-05,-3.6088096e-05,-3.53839474e-05
72.5,5.84919509e-07,-3.883381708e-05,-3.523928605e-05,-3.52388233e-05,-3.452706869e-05
72.55,5.695664378e-07,-3.801837491e-05,-3.433772378e-05,-3.433725524e-05,-3.361906347e-05
72.6,5.544374261e-07,-3.714684153e-05,-3.338524342e-05,-3.338476987e-05,-3.266131954e-05
72.65,5.395392563e-07,-3.622052208e-05,-3.238330842e-05,-3.238283063e-05,-3.165530823e-05
72.7,5.248779212e-07,-3.524081434e-05,-3.133346514e-05,-3.13329839e-05,-3.06025818e-05
72.75,5.104586672e-07,-3.420920634e-05,-3.023734022e-05,-3.023685631e-05,-2.950477085e-05
72.8,4.962860368e-07,-3.31272737e-05,-2.909663776e-05,-2.909615197e-05,-2.836358149e-05
72.85,4.823639087e-07,-3.199667697e-05,-2.791313647e-05,-2.79126496e-05,-2.718079247e-05
72.9,4.686955364e-07,-3.081915874e-05,-2.668868661e-05,-2.668819946e-05,-2.595825216e-05
72.95,4.552835849e-07,-2.959654065e-05,-2.542520691e-05,-2.542472027e-05,-2.469787541e-05
73,4.421301666e-07,-2.833072028e-05,-2.412468127e-05,-2.412419594e-05,-2.340164033e-05
73.05,4.292368744e-07,-2.702366795e-05,-2.278915549e-05,-2.278867225e-05,-2.207158496e-05
73.1,4.166048146e-07,-2.567742331e-05,-2.142073375e-05,-2.142025341e-05,-2.070980385e-05
73.15,4.042346375e-07,-2.429409195e-05,-2.002157517e-05,-2.00210985e-05,-1.931844456e-05
73.2,3.92126567e-07,-2.287584181e-05,-1.859389013e-05,-1.859341791e-05,-1.789970403e-05
73.25,3.802804289e-07,-2.142489952e-05,-1.713993662e-05,-1.713946961e-05,-1.645582495e-05
73.3,3.686956774e-07,-1.994354669e-05,-1.566201643e-05,-1.56615554e-05,-1.4989092e-05
73.35,3.573714212e-07,-1.843411605e-05,-1.416247135e-05,-1.416201705e-05,-1.350182804e-05
73.4,3.463064476e-07,-1.689898752e-05,-1.264367927e-05,-1.264323245e-05,-1.199639027e-05
73.45,3.35499246e-07,-1.534058429e-05,-1.110805022e-05,-1.11076116e-05,-1.047516628e-05
73.5,3.249480302e-07,-1.376136874e-05,-9.558022377e-06,-9.557592659e-06,-8.940570131e-06
73.55,3.146507591e-07,-1.216383831e-05,-7.996058006e-06,-7.995637897e-06,-7.39503831e-06
73.6,3.046051571e-07,-1.055052139e-05,-6.424639416e-06,-6.424229599e-06,-5.841025731e-06
73.65,2.948087332e-07,-8.923973077e-06,-4.846264835e-06,-4.845865975e-06,-4.281001664e-06
73.7,2.85258799e-07,-7.286770949e-06,-3.263444288e-06,-3.263057033e-06,-2.717445653e-06
73.75,2.75952486e-07,-5.641510792e-06,-1.678695454e-06,-1.678320431e-06,-1.152843433e-06
73.8,2.668867617e-07,-3.990802288e-06,-9.453951535e-08,-9.417733362e-08,4.10317175e-07
73.85,2.580584457e-07,-2.337264706e-06,1.486502992e-06,1.486851746e-06,1.969550356e-06
73.9,2.494642236e-07,-6.835225663e-07,3.06191633e-06,3.062251091e-06,3.522376396e-06
73.95,2.411006614e-07,9.6779869e-07,4.629193691e-06,4.629513917e-06,5.066325752e-06
74,2.329642185e-07,2.614077035e-06,6.185841318e-06,6.186146491e-06,6.598943117e-06
74.05,2.250512602e-07,4.252698175e-06,7.729382596e-06,7.729672223e-06,8.117791443e-06
74.1,2.173580691e-07,5.881059853e-06,9.257362117e-06,9.25763573e-06,9.620455938e-06
74.15,2.098808566e-07,7.496576132e-06,1.07673497e-05,1.076760686e-05,1.110454803e-05
74.2,2.026157732e-07,9.096681647e-06,1.225694437e-05,1.225718465e-05,1.256770927e-05
74.25,1.955589179e-07,1.067883581e-05,1.372377828e-05,1.372400131e-05,1.400761518e-05
74.3,1.887063483e-07,1.2240527e-05,1.516552061e-05,1.516572602e-05,1.54219791e-05
74.35,1.820540883e-07,1.377927664e-05,1.657988133e-05,1.658006879e-05,1.680855585e-05
74.4,1.755981371e-07,1.52926433e-05,1.796461498e-05,1.796478419e-05,1.816514545e-05
74.45,1.693344763e-07,1.677822668e-05,1.93175243e-05,1.931767499e-05,1.948959671e-05
74.5,1.632590771e-07,1.823367151e-05,2.063646383e-05,2.063659577e-05,2.077981069e-05
74.55,1.573679074e-07,1.965667145e-05,2.19193434e-05,2.191945637e-05,2.203374417e-05
74.6,1.516569376e-07,2.104497279e-05,2.316413154e-05,2.316422536e-05,2.324941292e-05
74.65,1.461221464e-07,2.23963782e-05,2.436885876e-05,2.436893328e-05,2.442489498e-05
74.7,1.407595267e-07,2.370875024e-05,2.553162076e-05,2.553167586e-05,2.555833376e-05
74.75,1.355650902e-07,2.49800149e-05,2.665058152e-05,2.665061713e-05,2.664794105e-05
74.8,1.30534872e-07,2.620816495e-05,2.772397631e-05,2.772399235e-05,2.769199991e-05
74.85,1.256649354e-07,2.73912632e-05,2.875011448e-05,2.875011095e-05,2.868886747e-05
74.9,1.209513752e-07,2.852744564e-05,2.972738226e-05,2.972735916e-05,2.96369776e-05
74.95,1.163903222e-07,2.96149245e-05,3.065424535e-05,3.065420272e-05,3.05348434e-05
75,1.119779457e-07,3.065199112e-05,3.152925137e-05,3.152918929e-05,3.138105963e-05
75.05,1.077104571e-07,3.163701872e-05,3.235103225e-05,3.235095083e-05,3.217430499e-05
75.1,1.035841127e-07,3.256846504e-05,3.31183064e-05,3.311820577e-05,3.291334422e-05
75.15,9.959521599e-08,3.344487483e-05,3.382988079e-05,3.382976111e-05,3.35970301e-05
75.2,9.574012019e-08,3.42648822e-05,3.448465285e-05,3.448451432e-05,3.422430529e-05
75.25,9.201523021e-08,3.502721281e-05,3.508161225e-05,3.50814551e-05,3.479420403e-05
75.3,8.841700452e-08,3.573068596e-05,3.561984251e-05,3.561966699e-05,3.530585366e-05
75.35,8.494195684e-08,3.637421644e-05,3.609852247e-05,3.609832888e-05,3.575847607e-05
75.4,8.158665756e-08,3.695681627e-05,3.65169276e-05,3.651671625e-05,3.615138886e-05
75.45,7.834773503e-08,3.747759635e-05,3.687443112e-05,3.687420236e-05,3.648400647e-05
75.5,7.522187664e-08,3.793576778e-05,3.717050501e-05,3.717025922e-05,3.675584112e-05
75.55,7.220582979e-08,3.833064319e-05,3.740472087e-05,3.740445843e-05,3.69665035e-05
75.6,6.929640261e-08,3.86616378e-05,3.757675051e-05,3.757647186e-05,3.711570345e-05
75.65,6.649046467e-08,3.892827034e-05,3.76863665e-05,3.76860721e-05,3.720325035e-05
75.7,6.378494742e-08,3.913016379e-05,3.773344251e-05,3.773313283e-05,3.722905341e-05
75.75,6.117684458e-08,3.9267046e-05,3.771795346e-05,3.771762901e-05,3.719312179e-05
75.8,5.866321241e-08,3.933875005e-05,3.763997554e-05,3.763963684e-05,3.709556456e-05
75.85,5.624116982e-08,3.934521452e-05,3.749968605e-05,3.749933365e-05,3.693659046e-05
75.9,5.390789843e-08,3.928648356e-05,3.729736306e-05,3.729699755e-05,3.671650759e-05
75.95,5.16606425e-08,3.916270677e-05,3.703338498e-05,3.703300693e-05,3.643572277e-05
76,4.949670877e-08,3.897413891e-05,3.670822982e-05,3.670783986e-05,3.609474097e-05
76.05,4.741346623e-08,3.872113949e-05,3.632247448e-05,3.632207323e-05,3.569416436e-05
76.1,4.540834581e-08,3.840417212e-05,3.587679369e-05,3.58763818e-05,3.523469135e-05
76.15,4.347883998e-08,3.802380373e-05,3.537195895e-05,3.537153709e-05,3.47171154e-05
76.2,4.162250232e-08,3.758070361e-05,3.480883719e-05,3.480840604e-05,3.414232371e-05
76.25,3.983694695e-08,3.707564233e-05,3.418838937e-05,3.418794963e-05,3.351129575e-05
76.3,3.811984803e-08,3.650949037e-05,3.351166887e-05,3.351122125e-05,3.282510162e-05
76.35,3.646893906e-08,3.588321676e-05,3.277981973e-05,3.277936495e-05,3.20849003e-05
76.4,3.488201228e-08,3.519788741e-05,3.199407479e-05,3.19936136e-05,3.129193774e-05
76.45,3.335691788e-08,3.445466341e-05,3.115575365e-05,3.115528678e-05,3.044754476e-05
76.5,3.189156331e-08,3.365479903e-05,3.026626049e-05,3.02657887e-05,2.955313495e-05
76.55,3.048391244e-08,3.279963972e-05,2.932708175e-05,2.93266058e-05,2.861020226e-05
76.6,2.913198477e-08,3.189061986e-05,2.833978372e-05,2.833930437e-05,2.762031858e-05
76.65,2.783385454e-08,3.092926042e-05,2.730600994e-05,2.730552797e-05,2.658513118e-05
76.7,2.658764992e-08,2.991716645e-05,2.622747852e-05,2.62269947e-05,2.550635998e-05
76.75,2.539155203e-08,2.885602444e-05,2.510597932e-05,2.510549443e-05,2.438579474e-05
76.8,2.424379409e-08,2.774759957e-05,2.394337102e-05,2.394288584e-05,2.322529216e-05
76.85,2.314266043e-08,2.65937328e-05,2.274157809e-05,2.27410934e-05,2.20267728e-05
76.9,2.20864856e-08,2.539633788e-05,2.150258762e-05,2.15021042e-05,2.079221797e-05
76.95,2.107365336e-08,2.415739819e-05,2.02284461e-05,2.022796473e-05,1.952366648e-05
77,2.010259574e-08,2.287896352e-05,1.892125607e-05,1.892077752e-05,1.822321132e-05
77.05,1.917179206e-08,2.156314672e-05,1.758317268e-05,1.758269771e-05,1.689299624e-05
77.1,1.827976792e-08,2.021212022e-05,1.621640018e-05,1.621592956e-05,1.553521226e-05
77.15,1.742509427e-08,1.882811254e-05,1.482318832e-05,1.482272281e-05,1.41520941e-05
77.2,1.660638637e-08,1.741340458e-05,1.340582871e-05,1.340536905e-05,1.274591652e-05
77.25,1.582230285e-08,1.597032599e-05,1.196665106e-05,1.196619798e-05,1.131899065e-05
77.3,1.507154469e-08,1.450125129e-05,1.05080194e-05,1.050757362e-05,9.873660186e-06
77.35,1.435285425e-08,1.300859605e-05,9.032328218e-06,9.031890463e-06,8.412297623e-06
77.4,1.366501432e-08,1.149481295e-05,7.541998593e-06,7.541569556e-06,6.937300359e-06
77.45,1.30068471e-08,9.962387792e-06,6.039474234e-06,6.039054601e-06,5.451086818e-06
77.5,1.237721327e-08,8.413835434e-06,4.527217523e-06,4.526807962e-06,3.956092513e-06
77.55,1.177501104e-08,6.851695728e-06,3.007705506e-06,3.007306668e-06,2.454766091e-06
77.6,1.119917516e-08,5.278529375e-06,1.483425875e-06,1.483038395e-06,9.495653577e-07
77.65,1.064867603e-08,3.696913771e-06,-4.312707235e-08,-4.3502579e-08,-5.570467111e-07
77.7,1.012251873e-08,2.109438824e-06,-1.569456477e-06,-1.569819415e-06,-2.062605968e-06
77.75,9.619742153e-09,5.187027405e-07,-3.093066974e-06,-3.093416767e-06,-3.564651087e-06
77.8,9.139418046e-09,-1.072692181e-06,-4.611468732e-06,-4.611804828e-06,-5.060727559e-06
77.85,8.68065015e-09,-2.662143778e-06,-6.122181497e-06,-6.122503364e-06,-6.548391664e-06
77.9,8.24257331e-09,-4.247054242e-06,-7.622738603e-06,-7.623045734e-06,-8.025214437e-06
77.95,7.824352611e-09,-5.824834326e-06,-9.110690973e-06,-9.110982884e-06,-9.488785595e-06
78,7.425182524e-09,-7.392907546e-06,-1.058361108e-05,-1.058388731e-05,-1.093671744e-05
78.05,7.044286067e-09,-8.948714349e-06,-1.203909688e-05,-1.203935701e-05,-1.236664874e-05
78.1,6.68091398e-09,-1.048971626e-05,-1.347477571e-05,-1.347501931e-05,-1.377624851e-05
78.15,6.334343916e-09,-1.20134e-05,-1.488830808e-05,-1.488853479e-05,-1.516321982e-05
78.2,6.00387965e-09,-1.351728152e-05,-1.627739151e-05,-1.627760097e-05,-1.652530349e-05
78.25,5.688850294e-09,-1.499891006e-05,-1.763976423e-05,-1.763995612e-05,-1.786028176e-05
78.3,5.388609537e-09,-1.64558721e-05,-1.897320883e-05,-1.897338285e-05,-1.916598183e-05
78.35,5.102534894e-09,-1.788579522e-05,-2.027555582e-05,-2.027571171e-05,-2.044027941e-05
78.4,4.830026977e-09,-1.9286352e-05,-2.154468719e-05,-2.154482471e-05,-2.168110212e-05
78.45,4.570508772e-09,-2.065526372e-05,-2.277853976e-05,-2.27786587e-05,-2.288643287e-05
78.5,4.323424942e-09,-2.199030408e-05,-2.397510855e-05,-2.397520875e-05,-2.405431306e-05
78.55,4.088241142e-09,-2.328930276e-05,-2.513245001e-05,-2.513253131e-05,-2.518284578e-05
78.6,3.864443343e-09,-2.455014893e-05,-2.624868511e-05,-2.62487474e-05,-2.627019885e-05
78.65,3.651537184e-09,-2.577079467e-05,-2.732200244e-05,-2.732204563e-05,-2.731460776e-05
78.7,3.449047329e-09,-2.694925825e-05,-2.835066103e-05,-2.835068508e-05,-2.831437852e-05
78.75,3.256516843e-09,-2.80836273e-05,-2.933299324e-05,-2.933299812e-05,-2.926789038e-05
78.8,3.073506587e-09,-2.917206195e-05,-3.026740738e-05,-3.02673931e-05,-3.017359846e-05
78.85,2.899594624e-09,-3.021279773e-05,-3.11523903e-05,-3.11523569e-05,-3.103003617e-05
78.9,2.734375639e-09,-3.120414844e-05,-3.19865098e-05,-3.198645735e-05,-3.183581762e-05
78.95,2.577460377e-09,-3.214450882e-05,-3.276841691e-05,-3.276834552e-05,-3.258963983e-05
79,2.428475099e-09,-3.303235717e-05,-3.349684811e-05,-3.349675791e-05,-3.329028478e-05
79.05,2.287061041e-09,-3.386625778e-05,-3.417062729e-05,-3.417051845e-05,-3.39366214e-05
79.1,2.152873901e-09,-3.46448632e-05,-3.478866766e-05,-3.478854036e-05,-3.452760738e-05
79.15,2.025583334e-09,-3.536691642e-05,-3.534997346e-05,-3.534982794e-05,-3.506229078e-05
79.2,1.904872457e-09,-3.603125289e-05,-3.58536416e-05,-3.58534781e-05,-3.55398116e-05
79.25,1.790437376e-09,-3.663680235e-05,-3.629886302e-05,-3.629868183e-05,-3.595940314e-05
79.3,1.681986721e-09,-3.718259055e-05,-3.668492404e-05,-3.668472547e-05,-3.632039317e-05
79.35,1.579241198e-09,-3.766774081e-05,-3.701120744e-05,-3.701099183e-05,-3.662220505e-05
79.4,1.481933149e-09,-3.809147539e-05,-3.727719348e-05,-3.72769612e-05,-3.686435858e-05
79.45,1.389806131e-09,-3.845311672e-05,-3.748246065e-05,-3.748221209e-05,-3.704647081e-05
79.5,1.302614501e-09,-3.87520885e-05,-3.762668638e-05,-3.762642196e-05,-3.716825659e-05
79.55,1.220123025e-09,-3.898791656e-05,-3.770964751e-05,-3.770936768e-05,-3.722952899e-05
79.6,1.14210648e-09,-3.916022962e-05,-3.773122062e-05,-3.773092585e-05,-3.723019963e-05
79.65,1.06834929e-09,-3.926875986e-05,-3.769138222e-05,-3.769107301e-05,-3.717027874e-05
79.7,9.986451576e-10,-3.931334333e-05,-3.759020874e-05,-3.758988559e-05,-3.704987516e-05
79.75,9.327967111e-10,-3.929392016e-05,-3.742787636e-05,-3.742753983e-05,-3.68691961e-05
79.8,8.706151682e-10,-3.921053464e-05,-3.720466075e-05,-3.72043114e-05,-3.662854677e-05
79.85,8.119200038e-10,-3.906333514e-05,-3.692093655e-05,-3.692057496e-05,-3.632832992e-05
79.9,7.565386318e-10,-3.885257378e-05,-3.657717675e-05,-3.657680352e-05,-3.596904506e-05
79.95,7.043060965e-10,-3.857860607e-05,-3.617395188e-05,-3.617356764e-05,-3.555128774e-05
80,6.550647744e-10,-3.824189023e-05,-3.571192909e-05,-3.571153448e-05,-3.507574844e-05
80.05,6.086640861e-10,-3.784298645e-05,-3.519187102e-05,-3.519146668e-05,-3.454321151e-05
80.1,5.64960217e-10,-3.738255597e-05,-3.461463452e-05,-3.461422114e-05,-3.395455384e-05
80.15,5.238158485e-10,-3.686135995e-05,-3.398116928e-05,-3.398074753e-05,-3.331074342e-05
80.2,4.850998976e-10,-3.62802582e-05,-3.329251622e-05,-3.329208681e-05,-3.261283772e-05
80.25,4.486872658e-10,-3.56402078e-05,-3.254980582e-05,-3.254936946e-05,-3.186198199e-05
80.3,4.144585968e-10,-3.494226149e-05,-3.175425621e-05,-3.175381362e-05,-3.105940738e-05
80.35,3.823000421e-10,-3.418756594e-05,-3.090717122e-05,-3.090672314e-05,-3.020642886e-05
80.4,3.521030356e-10,-3.337735986e-05,-3.000993823e-05,-3.00094854e-05,-2.930444314e-05
80.45,3.237640755e-10,-3.251297198e-05,-2.906402589e-05,-2.906356905e-05,-2.835492635e-05
80.5,2.971845145e-10,-3.159581887e-05,-2.807098171e-05,-2.807052163e-05,-2.735943163e-05
80.55,2.722703572e-10,-3.062740261e-05,-2.703242956e-05,-2.703196699e-05,-2.631958658e-05
80.6,2.489320652e-10,-2.960930834e-05,-2.595006699e-05,-2.594960269e-05,-2.523709062e-05
80.65,2.270843687e-10,-2.854320166e-05,-2.482566246e-05,-2.482519721e-05,-2.411371221e-05
80.7,2.066460858e-10,-2.743082591e-05,-2.366105248e-05,-2.366058704e-05,-2.295128596e-05
80.75,1.875399479e-10,-2.627399933e-05,-2.245813858e-05,-2.245767372e-05,-2.175170965e-05
80.8,1.696924319e-10,-2.507461206e-05,-2.121888424e-05,-2.121842073e-05,-2.051694111e-05
80.85,1.530335986e-10,-2.383462313e-05,-1.994531168e-05,-1.994485028e-05,-1.924899507e-05
80.9,1.37496937e-10,-2.255605719e-05,-1.863949855e-05,-1.863904002e-05,-1.794993985e-05
80.95,1.23019215e-10,-2.124100122e-05,-1.730357457e-05,-1.730311967e-05,-1.662189399e-05
81,1.095403357e-10,-1.989160119e-05,-1.593971806e-05,-1.593926754e-05,-1.526702283e-05
81.05,9.700319847e-11,-1.851005848e-05,-1.455015238e-05,-1.454970699e-05,-1.388753495e-05
81.1,8.535356661e-11,-1.709862638e-05,-1.313714234e-05,-1.313670281e-05,-1.248567862e-05
81.15,7.453993934e-11,-1.565960635e-05,-1.170299048e-05,-1.170255753e-05,-1.10637381e-05
81.2,6.451342911e-11,-1.419534432e-05,-1.025003337e-05,-1.024960772e-05,-9.624029948e-06
81.25,5.52276437e-11,-1.270822686e-05,-8.780637778e-06,-8.780220124e-06,-8.168899273e-06
81.3,4.663857307e-11,-1.120067731e-05,-7.297196831e-06,-7.296787866e-06,-6.700715889e-06
81.35,3.870448069e-11,-9.675151808e-06,-5.802126141e-06,-5.801726539e-06,-5.221870485e-06
81.4,3.138579923e-11,-8.134135344e-06,-4.297859871e-06,-4.297470292e-06,-3.734770741e-06
81.45,2.464503052e-11,-6.580137692e-06,-2.786846784e-06,-2.78646787e-06,-2.241837413e-06
81.5,1.844664962e-11,-5.015689338e-06,-1.271546263e-06,-1.27117864e-06,-7.455004086e-07
81.55,1.275701271e-11,-3.443337379e-06,2.455756742e-07,2.459313992e-07,7.518051638e-07
81.6,7.544268903e-12,-1.865641375e-06,1.762050382e-06,1.762393621e-06,2.247642942e-06
81.65,2.778275644e-12,-2.851692052e-07,3.275410591e-06,3.275740779e-06,3.739579268e-06
81.7,-1.569482311e-12,1.29550711e-06,4.783194414e-06,4.783511004e-06,5.225187133e-06
81.75,-5.525970542e-12,2.873815576e-06,6.282949337e-06,6.283251805e-06,6.702050114e-06
81.8,-9.116679318e-12,4.447188402e-06,7.772236198e-06,7.772524044e-06,8.1677663e-06
81.85,-1.236569478e-11,6.013066164e-06,9.248633143e-06,9.248905891e-06,9.619952179e-06
81.9,-1.529576712e-11,7.568901957e-06,1.070973955e-05,1.070999675e-05,1.105624651e-05
81.95,-1.792837573e-11,9.112165526e-06,1.215317993e-05,1.215342115e-05,1.247431414e-05
82,-2.028379168e-11,1.064034737e-05,1.357660778e-05,1.357683262e-05,1.387184981e-05
82.05,-2.238113732e-11,1.215096281e-05,1.497770934e-05,1.497791743e-05,1.524658186e-05
82.1,-2.423844339e-11,1.364155601e-05,1.635420744e-05,1.635439843e-05,1.659627596e-05
82.15,-2.587270357e-11,1.510970398e-05,1.770386508e-05,1.770403866e-05,1.791873867e-05
82.2,-2.729992658e-11,1.655302047e-05,1.902448914e-05,1.902464501e-05,1.921182105e-05
82.25,-2.853518603e-11,1.796915986e-05,2.031393387e-05,2.031407177e-05,2.047342209e-05
82.3,-2.959266799e-11,1.935582096e-05,2.157010443e-05,2.157022413e-05,2.170149217e-05
82.35,-3.048571641e-11,2.071075072e-05,2.279096023e-05,2.279106153e-05,2.289403632e-05
82.4,-3.122687653e-11,2.203174791e-05,2.397451824e-05,2.397460096e-05,2.404911751e-05
82.45,-3.182793624e-11,2.331666666e-05,2.511885624e-05,2.511892024e-05,2.516485973e-05
82.5,-3.229996563e-11,2.456341993e-05,2.622211589e-05,2.622216107e-05,2.623945108e-05
82.55,-3.265335461e-11,2.576998292e-05,2.728250577e-05,2.728253203e-05,2.727114667e-05
82.6,-3.289784888e-11,2.693439633e-05,2.829830425e-05,2.829831155e-05,2.825827145e-05
82.65,-3.30425842e-11,2.80547695e-05,2.926786231e-05,2.926785063e-05,2.919922293e-05
82.7,-3.309611898e-11,2.912928355e-05,3.018960617e-05,3.018957552e-05,3.009247376e-05
82.75,-3.306646545e-11,3.015619425e-05,3.106203988e-05,3.10619903e-05,3.093657423e-05
82.8,-3.296111923e-11,3.113383486e-05,3.188374771e-05,3.188367927e-05,3.173015459e-05
82.85,-3.278708761e-11,3.206061886e-05,3.265339645e-05,3.265330926e-05,3.247192726e-05
82.9,-3.255091634e-11,3.293504248e-05,3.336973756e-05,3.336963176e-05,3.316068894e-05
82.95,-3.225871523e-11,3.375568714e-05,3.403160921e-05,3.403148496e-05,3.379532254e-05
83,-3.191618247e-11,3.452122175e-05,3.463793814e-05,3.463779562e-05,3.437479898e-05
83.05,-3.152862774e-11,3.523040487e-05,3.518774139e-05,3.518758084e-05,3.489817888e-05
83.1,-3.11009942e-11,3.588208671e-05,3.56801279e-05,3.567994957e-05,3.536461405e-05
83.15,-3.063787941e-11,3.647521098e-05,3.611429997e-05,3.611410414e-05,3.577334887e-05
83.2,-3.014355517e-11,3.700881659e-05,3.64895545e-05,3.648934149e-05,3.612372152e-05
83.25,-2.962198641e-11,3.748203924e-05,3.680528418e-05,3.680505431e-05,3.641516504e-05
83.3,-2.907684908e-11,3.789411279e-05,3.706097841e-05,3.706073206e-05,3.664720823e-05
83.35,-2.851154715e-11,3.824437048e-05,3.725622419e-05,3.725596175e-05,3.681947647e-05
83.4,-2.79292288e-11,3.853224605e-05,3.739070674e-05,3.739042863e-05,3.693169223e-05
83.45,-2.733280164e-11,3.875727461e-05,3.746421001e-05,3.746391668e-05,3.698367559e-05
83.5,-2.672494731e-11,3.891909341e-05,3.747661706e-05,3.747630897e-05,3.697534452e-05
83.55,-2.610813521e-11,3.901744243e-05,3.74279102e-05,3.742758785e-05,3.690671498e-05
83.6,-2.548463552e-11,3.905216477e-05,3.731817105e-05,3.731783496e-05,3.677790089e-05
83.65,-2.485653157e-11,3.902320694e-05,3.714758039e-05,3.714723109e-05,3.6589114e-05
83.7,-2.422573156e-11,3.893061889e-05,3.691641787e-05,3.691605592e-05,3.634066345e-05
83.75,-2.359397958e-11,3.877455398e-05,3.662506153e-05,3.662468753e-05,3.603295537e-05
83.8,-2.296286614e-11,3.855526871e-05,3.627398725e-05,3.627360178e-05,3.566649214e-05
83.85,-2.233383806e-11,3.827312225e-05,3.586376789e-05,3.586337158e-05,3.524187161e-05
83.9,-2.170820782e-11,3.792857595e-05,3.539507242e-05,3.53946659e-05,3.475978612e-05
83.95,-2.108716242e-11,3.752219249e-05,3.486866481e-05,3.486824874e-05,3.422102137e-05
84,-2.047177178e-11,3.705463506e-05,3.428540279e-05,3.428497785e-05,3.362645516e-05
84.05,-1.986299661e-11,3.652666618e-05,3.364623649e-05,3.364580335e-05,3.297705596e-05
84.1,-1.926169584e-11,3.593914657e-05,3.295220684e-05,3.29517662e-05,3.227388133e-05
84.15,-1.866863371e-11,3.529303365e-05,3.220444392e-05,3.220399649e-05,3.151807621e-05
84.2,-1.808448635e-11,3.458938006e-05,3.140416514e-05,3.140371164e-05,3.071087107e-05
84.25,-1.750984806e-11,3.382933192e-05,3.055267321e-05,3.055221438e-05,2.98535799e-05
84.3,-1.694523721e-11,3.301412698e-05,2.96513541e-05,2.965089067e-05,2.894759809e-05
84.35,-1.639110175e-11,3.21450926e-05,2.870167474e-05,2.870120746e-05,2.799440017e-05
84.4,-1.584782446e-11,3.12236436e-05,2.770518065e-05,2.770471028e-05,2.69955374e-05
84.45,-1.531572782e-11,3.025127998e-05,2.666349346e-05,2.666302074e-05,2.59526353e-05
84.5,-1.47950787e-11,2.922958447e-05,2.557830824e-05,2.557783395e-05,2.486739094e-05
84.55,-1.428609261e-11,2.816021998e-05,2.445139079e-05,2.445091569e-05,2.374157027e-05
84.6,-1.378893784e-11,2.704492689e-05,2.328457476e-05,2.328409963e-05,2.25770052e-05
84.65,-1.330373923e-11,2.588552022e-05,2.207975869e-05,2.207928428e-05,2.137559065e-05
84.7,-1.283058182e-11,2.468388672e-05,2.08389029e-05,2.083842998e-05,2.013928148e-05
84.75,-1.236951414e-11,2.344198176e-05,1.956402635e-05,1.956355568e-05,1.887008933e-05
84.8,-1.19205514e-11,2.216182622e-05,1.825720333e-05,1.825673569e-05,1.757007932e-05
84.85,-1.148367843e-11,2.084550316e-05,1.692056016e-05,1.692009628e-05,1.624136676e-05
84.9,-1.105885244e-11,1.949515449e-05,1.555627165e-05,1.55558123e-05,1.488611366e-05
84.95,-1.064600556e-11,1.811297743e-05,1.416655767e-05,1.416610358e-05,1.350652528e-05
85,-1.024504733e-11,1.670122105e-05,1.275367947e-05,1.275323138e-05,1.210484651e-05
85.05,-9.855866835e-12,1.526218251e-05,1.131993607e-05,1.13194947e-05,1.068335825e-05
85.1,-9.478334898e-12,1.379820341e-05,9.867660514e-06,9.867226578e-06,9.244373728e-06
85.15,-9.11230597e-12,1.231166598e-05,8.39921607e-06,8.398790271e-06,7.790234712e-06
85.2,-8.75761997e-12,1.080498921e-05,6.916992425e-06,6.916575453e-06,6.323307737e-06
85.25,-8.414103966e-12,9.280624902e-06,5.423401794e-06,5.422994323e-06,4.845980263e-06
85.3,-8.081573748e-12,7.741053746e-06,3.920875013e-06,3.920477703e-06,3.360656802e-06
85.35,-7.759835277e-12,6.18878126e-06,2.411857595e-06,2.411471088e-06,1.869755016e-06
85.4,-7.448686039e-12,4.626333739e-06,8.988057632e-07,8.984306854e-07,3.757017969e-07
85.45,-7.147916287e-12,3.056254155e-06,-6.158175324e-07,-6.161805737e-07,-1.119070669e-06
85.5,-6.857310203e-12,1.481098033e-06,-2.12954661e-06,-2.129897027e-06,-2.612128849e-06
85.55,-6.576646956e-12,-9.657069057e-08,-3.639917057e-06,-3.640254282e-06,-4.101041811e-06
85.6,-6.305701685e-12,-1.674183834e-06,-5.144469727e-06,-5.144793214e-06,-5.583385171e-06
85.65,-6.044246407e-12,-3.24917313e-06,-6.640754735e-06,-6.641063959e-06,-7.056745021e-06
85.7,-5.792050843e-12,-4.818974397e-06,-8.126335425e-06,-8.126629885e-06,-8.518721854e-06
85.75,-5.548883178e-12,-6.381031696e-06,-9.598792332e-06,-9.599071551e-06,-9.966934454e-06
85.8,-5.314510765e-12,-7.932801481e-06,-1.105572711e-05,-1.105599063e-05,-1.139902376e-05
85.85,-5.088700753e-12,-9.471756728e-06,-1.249476641e-05,-1.249501381e-05,-1.281265671e-05
85.9,-4.871220671e-12,-1.099539103e-05,-1.391356576e-05,-1.391379664e-05,-1.420553e-05
85.95,-4.661838955e-12,-1.250122267e-05,-1.530981334e-05,-1.531002733e-05,-1.557537387e-05
86,-4.460325424e-12,-1.398679866e-05,-1.668123379e-05,-1.668143053e-05,-1.691995573e-05
86.05,-4.266451714e-12,-1.54496987e-05,-1.802559183e-05,-1.8025771e-05,-1.823708385e-05
86.1,-4.079991662e-12,-1.688753913e-05,-1.934069594e-05,-1.934085726e-05,-1.952461088e-05
86.15,-3.900721655e-12,-1.829797679e-05,-2.062440195e-05,-2.062454514e-05,-2.078043735e-05
86.2,-3.728420945e-12,-1.967871284e-05,-2.187461643e-05,-2.187474127e-05,-2.20025151e-05
86.25,-3.562871919e-12,-2.102749646e-05,-2.30893002e-05,-2.308940649e-05,-2.318885057e-05
86.3,-3.403860345e-12,-2.234212856e-05,-2.426647158e-05,-2.426655914e-05,-2.433750809e-05
86.35,-3.251175587e-12,-2.362046532e-05,-2.540420963e-05,-2.540427831e-05,-2.544661299e-05
86.4,-3.104610787e-12,-2.486042167e-05,-2.650065727e-05,-2.650070697e-05,-2.651435469e-05
86.45,-2.963963027e-12,-2.60599747e-05,-2.755402433e-05,-2.755405495e-05,-2.753898959e-05
86.5,-2.829033463e-12,-2.721716695e-05,-2.856259041e-05,-2.856260191e-05,-2.851884397e-05
86.55,-2.699627442e-12,-2.833010958e-05,-2.952470774e-05,-2.95247001e-05,-2.945231667e-05
86.6,-2.575554591e-12,-2.939698545e-05,-3.043880384e-05,-3.043877707e-05,-3.033788174e-05
86.65,-2.456628895e-12,-3.041605208e-05,-3.130338406e-05,-3.13033382e-05,-3.117409089e-05
86.7,-2.342668751e-12,-3.13856445e-05,-3.211703405e-05,-3.211696918e-05,-3.195957586e-05
86.75,-2.233497014e-12,-3.230417794e-05,-3.287842208e-05,-3.287833829e-05,-3.269305069e-05
86.8,-2.128941019e-12,-3.317015042e-05,-3.358630116e-05,-3.358619858e-05,-3.337331375e-05
86.85,-2.028832597e-12,-3.398214522e-05,-3.423951111e-05,-3.423938992e-05,-3.399924979e-05
86.9,-1.933008076e-12,-3.473883315e-05,-3.483698048e-05,-3.483684087e-05,-3.456983169e-05
86.95,-1.841308271e-12,-3.543897476e-05,-3.537772826e-05,-3.537757044e-05,-3.508412217e-05
87,-1.753578468e-12,-3.608142236e-05,-3.58608655e-05,-3.586068974e-05,-3.554127535e-05
87.05,-1.669668387e-12,-3.666512188e-05,-3.62855968e-05,-3.628540337e-05,-3.594053809e-05
87.1,-1.589432153e-12,-3.71891146e-05,-3.665122156e-05,-3.665101079e-05,-3.628125127e-05
87.15,-1.512728248e-12,-3.765253872e-05,-3.69571352e-05,-3.695690742e-05,-3.656285085e-05
87.2,-1.439419461e-12,-3.805463079e-05,-3.720283011e-05,-3.720258567e-05,-3.678486884e-05
87.25,-1.369372831e-12,-3.839472696e-05,-3.738789648e-05,-3.73876358e-05,-3.694693401e-05
87.3,-1.302459585e-12,-3.867226405e-05,-3.751202306e-05,-3.751174654e-05,-3.704877259e-05
87.35,-1.238555071e-12,-3.888678053e-05,-3.757499759e-05,-3.757470569e-05,-3.709020868e-05
87.4,-1.177538688e-12,-3.903791723e-05,-3.757670724e-05,-3.757640041e-05,-3.707116455e-05
87.45,-1.119293811e-12,-3.912541798e-05,-3.751713874e-05,-3.751681749e-05,-3.699166085e-05
87.5,-1.063707715e-12,-3.914913004e-05,-3.739637849e-05,-3.739604334e-05,-3.68518165e-05
87.55,-1.010671496e-12,-3.910900437e-05,-3.721461241e-05,-3.721426389e-05,-3.665184859e-05
87.6,-9.600799851e-13,-3.900509571e-05,-3.697212564e-05,-3.697176433e-05,-3.639207204e-05
87.65,-9.118316712e-13,-3.883756251e-05,-3.666930213e-05,-3.66689286e-05,-3.607289906e-05
87.7,-8.658286113e-13,-3.860666672e-05,-3.630662402e-05,-3.630623887e-05,-3.569483856e-05
87.75,-8.219763466e-13,-3.831277338e-05,-3.588467087e-05,-3.588427473e-05,-3.52584953e-05
87.8,-7.801838159e-13,-3.795635002e-05,-3.540411877e-05,-3.540371227e-05,-3.476456897e-05
87.85,-7.403632679e-13,-3.753796594e-05,-3.486573922e-05,-3.486532303e-05,-3.421385303e-05
87.9,-7.024301748e-13,-3.705829131e-05,-3.427039794e-05,-3.426997272e-05,-3.360723348e-05
87.95,-6.663031445e-13,-3.651809612e-05,-3.361905346e-05,-3.36186199e-05,-3.29456874e-05
88,-6.319038336e-13,-3.59182489e-05,-3.291275559e-05,-3.291231439e-05,-3.223028145e-05
88.05,-5.991568614e-13,-3.525971538e-05,-3.215264374e-05,-3.215219562e-05,-3.146217009e-05
88.1,-5.679897234e-13,-3.454355692e-05,-3.13399451e-05,-3.133949078e-05,-3.064259376e-05
88.15,-5.383327066e-13,-3.377092881e-05,-3.047597264e-05,-3.047551285e-05,-2.977287688e-05
88.2,-5.101188048e-13,-3.294307842e-05,-2.956212301e-05,-2.956165851e-05,-2.885442572e-05
88.25,-4.832836359e-13,-3.20613432e-05,-2.859987432e-05,-2.859940585e-05,-2.788872615e-05
88.3,-4.577653593e-13,-3.112714851e-05,-2.759078373e-05,-2.759031204e-05,-2.68773412e-05
88.35,-4.335045952e-13,-3.014200535e-05,-2.653648492e-05,-2.653601078e-05,-2.58219086e-05
88.4,-4.104443455e-13,-2.910750791e-05,-2.543868552e-05,-2.543820969e-05,-2.472413809e-05
88.45,-3.885299149e-13,-2.802533099e-05,-2.429916428e-05,-2.429868755e-05,-2.358580871e-05
88.5,-3.677088348e-13,-2.689722736e-05,-2.311976828e-05,-2.31192914e-05,-2.240876588e-05
88.55,-3.479307881e-13,-2.572502483e-05,-2.190240987e-05,-2.190193362e-05,-2.119491843e-05
88.6,-3.291475352e-13,-2.45106234e-05,-2.064906364e-05,-2.064858878e-05,-1.994623556e-05
88.65,-3.113128426e-13,-2.325599214e-05,-1.936176317e-05,-1.936129049e-05,-1.866474359e-05
88.7,-2.943824121e-13,-2.196316601e-05,-1.804259782e-05,-1.804212807e-05,-1.735252274e-05
88.75,-2.783138124e-13,-2.063424259e-05,-1.669370929e-05,-1.669324323e-05,-1.601170372e-05
88.8,-2.630664117e-13,-1.927137869e-05,-1.531728817e-05,-1.531682655e-05,-1.464446434e-05
88.85,-2.48601313e-13,-1.787678683e-05,-1.391557039e-05,-1.391511397e-05,-1.325302591e-05
88.9,-2.348812899e-13,-1.64527317e-05,-1.249083364e-05,-1.249038316e-05,-1.183964972e-05
88.95,-2.218707249e-13,-1.500152649e-05,-1.104539363e-05,-1.104494981e-05,-1.040663332e-05
89,-2.095355495e-13,-1.352552911e-05,-9.581600362e-06,-9.581163919e-06,-8.956306812e-06
89.05,-1.97843185e-13,-1.202713842e-05,-8.101834318e-06,-8.101405962e-06,-7.491029108e-06
89.1,-1.867624861e-13,-1.05087903e-05,-6.608502611e-06,-6.608083034e-06,-6.013184058e-06
89.15,-1.762636857e-13,-8.972953759e-06,-5.104035068e-06,-5.103624952e-06,-4.525176611e-06
89.2,-1.663183414e-13,-7.422126867e-06,-3.590880299e-06,-3.590480307e-06,-3.029428906e-06
89.25,-1.568992833e-13,-5.858832753e-06,-2.07150172e-06,-2.071112499e-06,-1.528376343e-06
89.3,-1.479805641e-13,-4.285615496e-06,-5.483735529e-07,-5.479957333e-07,-2.446362923e-08
89.35,-1.395374103e-13,-2.705035998e-06,9.76023187e-07,9.763889934e-07,1.479859191e-06
89.4,-1.315461748e-13,-1.119667832e-06,2.499204724e-06,2.499557925e-06,2.982140714e-06
89.45,-1.239842919e-13,4.679069392e-07,4.018688554e-06,4.019028578e-06,4.479932164e-06
89.5,-1.168302326e-13,2.055101953e-06,5.531997484e-06,5.532323779e-06,5.97079137e-06
89.55,-1.100634625e-13,3.639330752e-06,7.036663653e-06,7.036975693e-06,7.452286738e-06
89.6,-1.036644003e-13,5.218010981e-06,8.530232551e-06,8.53052983e-06,8.922001206e-06
89.65,-9.76143784e-14,6.78856859e-06,1.001026701e-05,1.001054905e-05,1.037753618e-05
89.7,-9.189560445e-14,8.348442017e-06,1.147435117e-05,1.147461751e-05,1.181651543e-05
89.75,-8.64911243e-14,9.895086354e-06,1.292009441e-05,1.292034462e-05,1.323658897e-05
89.8,-8.138478647e-14,1.142597749e-05,1.434513526e-05,1.434536894e-05,1.463543689e-05
89.85,-7.656120777e-14,1.293861622e-05,1.574714522e-05,1.574736198e-05,1.601077311e-05
89.9,-7.200574022e-14,1.443053231e-05,1.712383256e-05,1.712403206e-05,1.736034914e-05
89.95,-6.770443918e-14,1.589928852e-05,1.84729461e-05,1.847312801e-05,1.868195774e-05
90,-6.364403269e-14,1.73424846e-05,1.979227882e-05,1.979244286e-05,1.99734365e-05
90.05,-5.981189194e-14,1.875776117e-05,2.107967151e-05,2.107981741e-05,2.12326714e-05
90.1,-5.619600292e-14,2.014280357e-05,2.233301629e-05,2.233314381e-05,2.245760024e-05
90.15,-5.278493909e-14,2.149534568e-05,2.355026001e-05,2.355036895e-05,2.364621605e-05
90.2,-4.956783518e-14,2.281317356e-05,2.472940769e-05,2.472949787e-05,2.479657032e-05
90.25,-4.653436196e-14,2.409412912e-05,2.58685257e-05,2.586859698e-05,2.590677621e-05
90.3,-4.367470208e-14,2.533611363e-05,2.696574499e-05,2.696579725e-05,2.697501167e-05
90.35,-4.097952677e-14,2.653709111e-05,2.80192641e-05,2.801929727e-05,2.799952238e-05
90.4,-3.843997359e-14,2.769509174e-05,2.902735216e-05,2.902736618e-05,2.897862465e-05
90.45,-3.6047625e-14,2.880821502e-05,2.99883517e-05,2.998834655e-05,2.991070819e-05
90.5,-3.379448783e-14,2.987463293e-05,3.090068138e-05,3.090065708e-05,3.079423875e-05
90.55,-3.167297363e-14,3.089259288e-05,3.176283861e-05,3.176279519e-05,3.162776063e-05
90.6,-2.967587975e-14,3.186042065e-05,3.257340198e-05,3.257333951e-05,3.240989909e-05
90.65,-2.779637132e-14,3.277652307e-05,3.333103364e-05,3.333095224e-05,3.313936264e-05
90.7,-2.602796387e-14,3.363939071e-05,3.403448151e-05,3.40343813e-05,3.381494511e-05
90.75,-2.436450682e-14,3.444760031e-05,3.46825813e-05,3.468246246e-05,3.44355277e-05
90.8,-2.280016753e-14,3.519981716e-05,3.52742585e-05,3.527412122e-05,3.500008082e-05
90.85,-2.132941614e-14,3.589479727e-05,3.580853013e-05,3.580837464e-05,3.550766578e-05
90.9,-1.994701103e-14,3.653138949e-05,3.628450638e-05,3.628433294e-05,3.59574364e-05
90.95,-1.86479849e-14,3.710853734e-05,3.670139208e-05,3.670120097e-05,3.634864035e-05
91,-1.742763149e-14,3.762528082e-05,3.705848806e-05,3.70582796e-05,3.668062048e-05
91.05,-1.628149284e-14,3.808075798e-05,3.735519232e-05,3.735496684e-05,3.695281589e-05
91.1,-1.520534717e-14,3.84742064e-05,3.7591001e-05,3.759075889e-05,3.716476288e-05
91.15,-1.419519722e-14,3.880496439e-05,3.776550932e-05,3.776525097e-05,3.731609578e-05
91.2,-1.324725923e-14,3.907247221e-05,3.787841222e-05,3.787813806e-05,3.740654753e-05
91.25,-1.235795231e-14,3.927627292e-05,3.792950492e-05,3.792921539e-05,3.743595021e-05
91.3,-1.152388832e-14,3.941601325e-05,3.791868327e-05,3.791837886e-05,3.740423531e-05
91.35,-1.074186225e-14,3.949144414e-05,3.784594401e-05,3.784562521e-05,3.731143391e-05
91.4,-1.0008843e-14,3.950242126e-05,3.771138476e-05,3.771105211e-05,3.715767665e-05
91.45,-9.32196461e-15,3.944890523e-05,3.751520395e-05,3.751485799e-05,3.694319359e-05
91.5,-8.678517866e-15,3.933096175e-05,3.725770051e-05,3.725734181e-05,3.666831383e-05
91.55,-8.075942334e-15,3.914876155e-05,3.693927343e-05,3.693890258e-05,3.633346508e-05
91.6,-7.511818739e-15,3.890258012e-05,3.656042118e-05,3.656003879e-05,3.593917293e-05
91.65,-6.983861718e-15,3.859279734e-05,3.612174091e-05,3.612134761e-05,3.54860601e-05
91.7,-6.48991291e-15,3.821989688e-05,3.562392751e-05,3.562352395e-05,3.497484544e-05
91.75,-6.027934377e-15,3.778446547e-05,3.506777256e-05,3.506735941e-05,3.44063428e-05
91.8,-5.596002334e-15,3.7287192e-05,3.445416308e-05,3.445374101e-05,3.378145976e-05
91.85,-5.192301191e-15,3.67288664e-05,3.378408007e-05,3.378364978e-05,3.310119616e-05
91.9,-4.815117869e-15,3.611037845e-05,3.305859703e-05,3.305815924e-05,3.236664257e-05
91.95,-4.462836405e-15,3.543271633e-05,3.227887821e-05,3.227843363e-05,3.157897849e-05
92,-4.133932811e-15,3.469696507e-05,3.144617675e-05,3.144572611e-05,3.07394705e-05
92.05,-3.826970187e-15,3.390430484e-05,3.056183269e-05,3.056137675e-05,2.984947026e-05
92.1,-3.540594077e-15,3.305600905e-05,2.962727085e-05,2.962681035e-05,2.891041227e-05
92.15,-3.27352805e-15,3.215344231e-05,2.864399848e-05,2.864353419e-05,2.792381168e-05
92.2,-3.024569507e-15,3.119805828e-05,2.761360293e-05,2.761313561e-05,2.689126173e-05
92.25,-2.792585691e-15,3.019139731e-05,2.653774903e-05,2.653727945e-05,2.581443131e-05
92.3,-2.576509898e-15,2.913508397e-05,2.541817643e-05,2.541770538e-05,2.469506219e-05
92.35,-2.375337884e-15,2.803082448e-05,2.425669682e-05,2.425622507e-05,2.353496626e-05
92.4,-2.188124447e-15,2.68804039e-05,2.3055191e-05,2.305471933e-05,2.233602258e-05
92.45,-2.013980187e-15,2.568568333e-05,2.181560581e-05,2.181513501e-05,2.110017436e-05
92.5,-1.85206843e-15,2.444859685e-05,2.053995107e-05,2.053948191e-05,1.982942585e-05
92.55,-1.701602308e-15,2.317114845e-05,1.923029624e-05,1.92298295e-05,1.852583903e-05
92.6,-1.561841994e-15,2.185540874e-05,1.788876713e-05,1.788830358e-05,1.719153036e-05
92.65,-1.432092075e-15,2.050351167e-05,1.651754245e-05,1.651708287e-05,1.582866728e-05
92.7,-1.311699064e-15,1.911765102e-05,1.511885026e-05,1.511839541e-05,1.443946475e-05
92.75,-1.20004904e-15,1.770007691e-05,1.369496441e-05,1.369451504e-05,1.302618163e-05
92.8,-1.096565417e-15,1.625309208e-05,1.224820078e-05,1.224775765e-05,1.159111702e-05
92.85,-1.000706821e-15,1.477904826e-05,1.078091359e-05,1.078047742e-05,1.013660654e-05
92.9,-9.119650887e-16,1.328034225e-05,9.295491523e-06,9.295063055e-06,8.665018544e-06
92.95,-8.29863365e-16,1.175941212e-05,7.794353889e-06,7.793933832e-06,7.178750223e-06
93,-7.539543079e-16,1.021873319e-05,6.279946658e-06,6.279535712e-06,5.680223759e-06
93.05,-6.838183849e-16,8.660814051e-06,4.754738495e-06,4.754337347e-06,4.171882353e-06
93.1,-6.190622636e-16,7.088192451e-06,3.221216737e-06,3.220826058e-06,2.656186258e-06
93.15,-5.593172879e-16,5.5034312e-06,1.681883341e-06,1.681503784e-06,1.135608762e-06
93.2,-5.042380374e-16,3.909113976e-06,1.392508033e-07,1.388830054e-07,-3.873678447e-07
93.25,-4.535009649e-16,2.307841128e-06,-1.404161938e-06,-1.40451736e-06,-1.910256316e-06
93.3,-4.068031087e-16,7.022254323e-07,-2.945833615e-06,-2.946176064e-06,-3.430568517e-06
93.35,-3.638608752e-16,-9.051121686e-07,-4.483244751e-06,-4.483573651e-06,-4.945819487e-06
93.4,-3.24408889e-16,-2.511546841e-06,-6.013881779e-06,-6.014196575e-06,-6.453531509e-06
93.45,-2.881989061e-16,-4.114454147e-06,-7.535241153e-06,-7.535541314e-06,-7.951238156e-06
93.5,-2.549987882e-16,-5.711214336e-06,-9.044833447e-06,-9.045118465e-06,-9.43648834e-06
93.55,-2.245915337e-16,-7.299216628e-06,-1.054018744e-05,-1.054045683e-05,-1.090685032e-05
93.6,-1.967743632e-16,-8.875863484e-06,-1.201885415e-05,-1.201910746e-05,-1.235991571e-05
93.65,-1.713578567e-16,-1.043857486e-05,-1.347841088e-05,-1.347864767e-05,-1.37933034e-05
93.7,-1.481651392e-16,-1.198479245e-05,-1.491646518e-05,-1.491668505e-05,-1.52046635e-05
93.75,-1.270311123e-16,-1.351198386e-05,-1.633065879e-05,-1.633086136e-05,-1.659168119e-05
93.8,-1.078017309e-16,-1.501764678e-05,-1.771867148e-05,-1.771885641e-05,-1.795208055e-05
93.85,-9.033331938e-17,-1.649931308e-05,-1.907822496e-05,-1.907839191e-05,-1.928362826e-05
93.9,-7.449192881e-17,-1.795455291e-05,-2.040708654e-05,-2.040723523e-05,-2.058413734e-05
93.95,-6.015273016e-17,-1.938097864e-05,-2.170307287e-05,-2.170320304e-05,-2.185147075e-05
94,-4.71994432e-17,-2.077624885e-05,-2.296405354e-05,-2.296416496e-05,-2.308354488e-05
94.05,-3.552379851e-17,-2.213807214e-05,-2.418795458e-05,-2.418804705e-05,-2.427833306e-05
94.1,-2.502503096e-17,-2.346421097e-05,-2.537276194e-05,-2.537283529e-05,-2.543386888e-05
94.15,-1.560940293e-17,-2.47524853e-05,-2.651652479e-05,-2.651657887e-05,-2.654824945e-05
94.2,-7.189755638e-18,-2.600077625e-05,-2.761735877e-05,-2.761739348e-05,-2.76196386e-05
94.25,3.1491292e-19,-2.720702958e-05,-2.867344912e-05,-2.867346439e-05,-2.864626989e-05
94.3,6.979844953e-18,-2.836925911e-05,-2.968305375e-05,-2.968304953e-05,-2.962644958e-05
94.35,1.287489613e-17,-2.948555001e-05,-3.064450607e-05,-3.064448236e-05,-3.055855948e-05
94.4,1.806488642e-17,-3.055406201e-05,-3.155621785e-05,-3.155617466e-05,-3.144105961e-05
94.45,2.26099298e-17,-3.157303245e-05,-3.241668184e-05,-3.241661923e-05,-3.227249084e-05
94.5,2.6565744e-17,-3.254077922e-05,-3.322447431e-05,-3.322439236e-05,-3.30514773e-05
94.55,2.998394138e-17,-3.345570361e-05,-3.397825746e-05,-3.397815629e-05,-3.377672871e-05
94.6,3.291230205e-17,-3.431629295e-05,-3.467678169e-05,-3.467666145e-05,-3.444704261e-05
94.65,3.539503026e-17,-3.512112319e-05,-3.531888769e-05,-3.531874856e-05,-3.506130634e-05
94.7,3.74729949e-17,-3.586886129e-05,-3.590350845e-05,-3.590335064e-05,-3.561849897e-05
94.75,3.918395519e-17,-3.655826747e-05,-3.642967108e-05,-3.642949483e-05,-3.611769306e-05
94.8,4.056277225e-17,-3.718819734e-05,-3.689649844e-05,-3.689630403e-05,-3.655805626e-05
94.85,4.164160749e-17,-3.775760382e-05,-3.730321075e-05,-3.730299848e-05,-3.693885274e-05
94.9,4.245010852e-17,-3.826553899e-05,-3.764912686e-05,-3.764889706e-05,-3.725944448e-05
94.95,4.301558327e-17,-3.871115567e-05,-3.793366554e-05,-3.793341857e-05,-3.751929247e-05
95,4.336316317e-17,-3.909370894e-05,-3.815634646e-05,-3.815608272e-05,-3.771795757e-05
95.05,4.351595584e-17,-3.941255745e-05,-3.831679111e-05,-3.831651102e-05,-3.785510145e-05
95.1,4.349518798e-17,-3.966716452e-05,-3.84147235e-05,-3.84144275e-05,-3.793048715e-05
95.15,4.332033918e-17,-3.985709918e-05,-3.844997073e-05,-3.844965929e-05,-3.79439796e-05
95.2,4.30092669e-17,-3.998203693e-05,-3.842246334e-05,-3.842213697e-05,-3.789554596e-05
95.25,4.257832347e-17,-4.004176037e-05,-3.833223558e-05,-3.833189479e-05,-3.778525573e-05
95.3,4.204246532e-17,-4.003615969e-05,-3.817942538e-05,-3.817907074e-05,-3.761328078e-05
95.35,4.141535513e-17,-3.996523295e-05,-3.796427433e-05,-3.796390639e-05,-3.737989518e-05
95.4,4.070945711e-17,-3.982908614e-05,-3.76871273e-05,-3.768674667e-05,-3.708547482e-05
95.45,3.993612608e-17,-3.96279332e-05,-3.734843205e-05,-3.734803934e-05,-3.673049693e-05
95.5,3.910569046e-17,-3.93620957e-05,-3.694873857e-05,-3.694833441e-05,-3.631553941e-05
95.55,3.82275298e-17,-3.903200246e-05,-3.648869829e-05,-3.648828334e-05,-3.584127996e-05
95.6,3.731014698e-17,-3.863818898e-05,-3.596906316e-05,-3.596863809e-05,-3.530849513e-05
95.65,3.636123553e-17,-3.818129663e-05,-3.539068449e-05,-3.539025e-05,-3.471805914e-05
95.7,3.538774238e-17,-3.766207175e-05,-3.475451169e-05,-3.475406849e-05,-3.407094253e-05
95.75,3.439592623e-17,-3.708136453e-05,-3.406159084e-05,-3.406113965e-05,-3.336821073e-05
95.8,3.339141191e-17,-3.644012771e-05,-3.331306304e-05,-3.331260461e-05,-3.261102242e-05
95.85,3.237924095e-17,-3.573941521e-05,-3.251016274e-05,-3.250969781e-05,-3.180062769e-05
95.9,3.13639186e-17,-3.498038042e-05,-3.165421574e-05,-3.165374507e-05,-3.093836619e-05
95.95,3.034945751e-17,-3.416427451e-05,-3.074663719e-05,-3.074616156e-05,-3.002566498e-05
96,2.933941835e-17,-3.329244444e-05,-2.978892938e-05,-2.978844957e-05,-2.906403634e-05
96.05,2.833694747e-17,-3.236633091e-05,-2.878267937e-05,-2.878219617e-05,-2.805507539e-05
96.1,2.734481189e-17,-3.138746609e-05,-2.772955651e-05,-2.772907071e-05,-2.700045758e-05
96.15,2.636543168e-17,-3.035747126e-05,-2.663130983e-05,-2.663082224e-05,-2.590193609e-05
96.2,2.540091011e-17,-2.927805421e-05,-2.548976527e-05,-2.54892767e-05,-2.476133903e-05
96.25,2.445306138e-17,-2.815100661e-05,-2.430682281e-05,-2.430633407e-05,-2.358056656e-05
96.3,2.352343648e-17,-2.697820118e-05,-2.308445346e-05,-2.308396535e-05,-2.236158789e-05
96.35,2.261334698e-17,-2.57615887e-05,-2.182469612e-05,-2.182420946e-05,-2.110643817e-05
96.4,2.172388709e-17,-2.450319496e-05,-2.052965437e-05,-2.052916997e-05,-1.981721523e-05
96.45,2.085595402e-17,-2.320511755e-05,-1.920149313e-05,-1.92010118e-05,-1.849607625e-05
96.5,2.001026678e-17,-2.186952248e-05,-1.784243517e-05,-1.784195771e-05,-1.714523437e-05
96.55,1.918738351e-17,-2.049864083e-05,-1.645475763e-05,-1.645428484e-05,-1.576695508e-05
96.6,1.838771747e-17,-1.909476509e-05,-1.504078832e-05,-1.5040321e-05,-1.436355267e-05
96.65,1.761155176e-17,-1.766024558e-05,-1.360290205e-05,-1.360244098e-05,-1.293738651e-05
96.7,1.685905286e-17,-1.619748669e-05,-1.214351682e-05,-1.214306277e-05,-1.149085725e-05
96.75,1.613028305e-17,-1.4708943e-05,-1.066508991e-05,-1.066464366e-05,-1.002640301e-05
96.8,1.542521192e-17,-1.319711538e-05,-9.170113998e-06,-9.169676292e-06,-8.546495438e-06
96.85,1.474372678e-17,-1.166454698e-05,-7.661113103e-06,-7.660684685e-06,-7.053635755e-06
96.9,1.408564232e-17,-1.011381913e-05,-6.140638561e-06,-6.14022016e-06,-5.550350728e-06
96.95,1.345070939e-17,-8.547547243e-06,-4.61126491e-06,-4.61085724e-06,-4.039188609e-06
97,1.283862308e-17,-6.968376544e-06,-3.075585744e-06,-3.075189502e-06,-2.522715019e-06
97.05,1.224903002e-17,-5.378977864e-06,-1.536209528e-06,-1.535825393e-06,-1.003508818e-06
97.1,1.168153514e-17,-3.782043315e-06,4.244606947e-09,4.615973471e-09,5.158420638e-07
97.15,1.113570771e-17,-2.18028195e-06,1.543151101e-06,1.543509057e-06,2.032744806e-06
97.2,1.061108696e-17,-5.764153926e-07,3.077882208e-06,3.078226133e-06,3.544605897e-06
97.25,1.010718705e-17,1.026826563e-06,4.605812251e-06,4.606141546e-06,5.04883533e-06
97.3,9.623501693e-18,2.626710369e-06,6.124321881e-06,6.124635968e-06,6.542850808e-06
97.35,9.159508227e-18,4.220503153e-06,7.630802322e-06,7.631100649e-06,8.024081932e-06
97.4,8.714671385e-18,5.805477145e-06,9.122659611e-06,9.122941649e-06,9.489974378e-06
97.45,8.288446626e-18,7.378914107e-06,1.059731882e-05,1.059758406e-05,1.093799406e-05
97.5,7.88028315e-18,8.938109752e-06,1.205222824e-05,1.205247621e-05,1.236563123e-05
97.55,7.489626598e-18,1.048037814e-05,1.348486354e-05,1.348509379e-05,1.377040463e-05
97.6,7.115921456e-18,1.200305604e-05,1.489273189e-05,1.489294401e-05,1.514986547e-05
97.65,6.7586132e-18,1.350350732e-05,1.627337606e-05,1.627356964e-05,1.650160149e-05
97.7,6.417150195e-18,1.497912717e-05,1.762437839e-05,1.762455307e-05,1.782324086e-05
97.75,6.090985368e-18,1.642734644e-05,1.894336477e-05,1.894352022e-05,1.911245614e-05
97.8,5.779577681e-18,1.78456358e-05,2.022800857e-05,2.022814448e-05,2.036696801e-05
97.85,5.482393417e-18,1.92315099e-05,2.147603442e-05,2.147615052e-05,2.15845491e-05
97.9,5.198907292e-18,2.058253143e-05,2.268522198e-05,2.268531802e-05,2.276302761e-05
97.95,4.928603415e-18,2.189631517e-05,2.385340958e-05,2.385348536e-05,2.390029092e-05
98,4.670976102e-18,2.317053189e-05,2.497849784e-05,2.497855318e-05,2.499428908e-05
98.05,4.425530571e-18,2.440291217e-05,2.605845308e-05,2.605848783e-05,2.604303819e-05
98.1,4.191783506e-18,2.559125022e-05,2.709131074e-05,2.70913248e-05,2.704462374e-05
98.15,3.969263529e-18,2.673340745e-05,2.807517866e-05,2.807517193e-05,2.799720373e-05
98.2,3.757511567e-18,2.78273161e-05,2.900824018e-05,2.900821263e-05,2.889901184e-05
98.25,3.556081138e-18,2.887098262e-05,2.988875725e-05,2.988870886e-05,2.974836029e-05
98.3,3.364538555e-18,2.986249104e-05,3.071507329e-05,3.071500408e-05,3.054364277e-05
98.35,3.182463069e-18,3.080000615e-05,3.148561602e-05,3.148552604e-05,3.128333707e-05
98.4,3.009446935e-18,3.168177659e-05,3.219890009e-05,3.219878944e-05,3.196600774e-05
98.45,2.845095437e-18,3.250613782e-05,3.285352964e-05,3.285339843e-05,3.259030848e-05
98.5,2.689026856e-18,3.32715149e-05,3.344820067e-05,3.344804905e-05,3.315498447e-05
98.55,2.540872396e-18,3.397642523e-05,3.398170327e-05,3.398153144e-05,3.365887454e-05
98.6,2.40027607e-18,3.4619481e-05,3.445292375e-05,3.445273192e-05,3.410091319e-05
98.65,2.266894552e-18,3.519939167e-05,3.486084656e-05,3.486063499e-05,3.448013244e-05
98.7,2.140397004e-18,3.571496613e-05,3.52045561e-05,3.520432506e-05,3.479566359e-05
98.75,2.020464873e-18,3.616511482e-05,3.548323835e-05,3.548298816e-05,3.504673876e-05
98.8,1.906791665e-18,3.654885167e-05,3.569618236e-05,3.569591337e-05,3.52326923e-05
98.85,1.799082702e-18,3.686529582e-05,3.584278156e-05,3.584249414e-05,3.535296204e-05
98.9,1.697054869e-18,3.711367324e-05,3.592253495e-05,3.592222951e-05,3.540709039e-05
98.95,1.600436336e-18,3.729331819e-05,3.593504804e-05,3.593472502e-05,3.539472527e-05
99,1.508966278e-18,3.740367443e-05,3.588003374e-05,3.58796936e-05,3.531562086e-05
99.05,1.422394587e-18,3.744429637e-05,3.575731298e-05,3.575695622e-05,3.51696382e-05
99.1,1.340481572e-18,3.741484996e-05,3.556681523e-05,3.556644236e-05,3.495674563e-05
99.15,1.26299766e-18,3.731511344e-05,3.53085788e-05,3.530819038e-05,3.467701906e-05
99.2,1.189723092e-18,3.714497793e-05,3.498275103e-05,3.498234763e-05,3.433064206e-05
99.25,1.120447612e-18,3.690444784e-05,3.458958827e-05,3.458917048e-05,3.391790582e-05
99.3,1.05497017e-18,3.659364106e-05,3.412945569e-05,3.412902414e-05,3.343920888e-05
99.35,9.930986088e-19,3.621278906e-05,3.360282694e-05,3.360238227e-05,3.289505676e-05
99.4,9.34649364e-19,3.576223671e-05,3.301028364e-05,3.300982653e-05,3.228606141e-05
99.45,8.794471642e-19,3.524244203e-05,3.235251473e-05,3.235204586e-05,3.161294047e-05
99.5,8.273247332e-19,3.465397568e-05,3.163031556e-05,3.162983564e-05,3.087651636e-05
99.55,7.781224978e-19,3.399752035e-05,3.084458695e-05,3.084409671e-05,3.00777153e-05
99.6,7.316882997e-19,3.327386988e-05,2.999633398e-05,2.999583417e-05,2.921756606e-05
99.65,6.878771139e-19,3.248392836e-05,2.908666472e-05,2.90861561e-05,2.82971986e-05
99.7,6.465507712e-19,3.16287089e-05,2.811678867e-05,2.811627202e-05,2.731784259e-05
99.75,6.075776888e-19,3.070933233e-05,2.708801521e-05,2.708749132e-05,2.628082574e-05
99.8,5.708326056e-19,2.972702574e-05,2.600175176e-05,2.600122144e-05,2.518757197e-05
99.85,5.361963252e-19,2.86831208e-05,2.485950187e-05,2.485896594e-05,2.403959949e-05
99.9,5.035554656e-19,2.757905196e-05,2.366286315e-05,2.366232244e-05,2.283851867e-05
99.95,4.728022157e-19,2.641635453e-05,2.241352505e-05,2.241298041e-05,2.158602988e-05
